VPN,BARCODE,MARIA TASH,DEPT,WCID,ITEM_DESC
ER1SP65WHITE GOLD,2201100613000,194515127311,6321,6321x506080xer1sp65wg,6.5MM SINGLE SHORT SPIKE NON-ROTATING CL
ESTAR45DROSE GOLD,2201100613505,194515012129,6321,6321x506080xestar45drg,4.5MM DIAMOND STAR EARSTUD ROSE GOLD
X3DTRDLWHITE GOLD,2201100614441,194515046001,6321,6321x506080xx3dtrdlwg,LARGE DIAMOND TRINITY THREADED STUD WHIT
X3DTRDLYELLOW GOLD,2201100614458,194515046018,6321,6321x506080xx3dtrdlyg,LARGE DIAMOND TRINITY THREADED STUD YELL
X4DTRDYELLOW GOLD,2201100614816,194515131448,6321,6321x506080xx4dtrdyg,FOUR DIAMOND TRINITY THREADED STUD YELLO
X4DTRDROSE GOLD,2201100614823,194515131424,6321,6321x506080xx4dtrdrg,FOUR DIAMOND TRINITY THREADED STUD ROSE
X5PA8D2WHITE GOLD,2201100614892,194515132087,6321,6321x506080xx5pa8d2wg,8MM DIAMOND FIVE ROW PAVE RING (BOTTOM H
X5PA8D2YELLOW GOLD,2201100614908,194515132094,6321,6321x506080xx5pa8d2yg,8MM DIAMOND FIVE ROW PAVE RING (BOTTOM H
X5PA8D2ROSE GOLD,2201100614915,194515132070,6321,6321x506080xx5pa8d2rg,8MM DIAMOND FIVE ROW PAVE RING (BOTTOM H
XCN8PEWHITE GOLD,2201100615660,194515136306,6321,6321x506080xxcn8pewg,8MM PEARL CORONET RING WHITE GOLD
XCN8PEYELLOW GOLD,2201100615677,194515136313,6321,6321x506080xxcn8peyg,8MM PEARL CORONET RING YELLOW GOLD
XCN8PEROSE GOLD,2201100615684,194515136290,6321,6321x506080xxcn8perg,8MM PEARL CORONET RING ROSE GOLD
XET1SP65WHITE GOLD,2201100615844,194515138614,6321,6321x506080xxet1sp65wg,6.5MM SINGLE SHORT SPIKE DIAMOND ETERNIT
XET1SP8WHITE GOLD,2201100615875,194515138812,6321,6321x506080xxet1sp8wg,8MM SINGLE SHORT SPIKE DIAMOND ETERNITY
XET1SP8YELLOW GOLD,2201100615882,194515138829,6321,6321x506080xxet1sp8yg,8MM SINGLE SHORT SPIKE DIAMOND ETERNITY
XET1SP8ROSE GOLD,2201100615899,194515138805,6321,6321x506080xxet1sp8rg,8MM SINGLE SHORT SPIKE DIAMOND ETERNITY
XET65DWHITE GOLD,2201100616148,194515140020,6321,6321x506080xxet65dwg,6.5MM DIAMOND ETERNITY RING WHITE GOLD
XET65DYELLOW GOLD,2201100616155,194515140037,6321,6321x506080xxet65dyg,6.5MM DIAMOND ETERNITY RING YELLOW GOLD
XET65DROSE GOLD,2201100616162,194515140013,6321,6321x506080xxet65drg,6.5MM DIAMOND ETERNITY RING ROSE GOLD
XET65DBLACK GOLD,2201100616179,194515140006,6321,6321x506080xxet65dbg,6.5MM DIAMOND ETERNITY RING BLACK GOLD
XET8D22WHITE GOLD,2201100616285,194515140242,6321,6321x506080xxet8d22wg,8MM DIAMOND ETERNITY RING WHITE GOLD
XET8D22ROSE GOLD,2201100616308,194515140235,6321,6321x506080xxet8d22rg,8MM DIAMOND ETERNITY RING ROSE GOLD
XET8D22BLACK GOLD,2201100616315,194515140228,6321,6321x506080xxet8d22bg,8MM DIAMOND ETERNITY RING BLACK GOLD
XETIV824DWHITE GOLD,2201100616858,194515142024,6321,6321x506080xxetiv824dwg,8MM INVISIBLE SET LARGE DIAMOND ETERNITY
XETIV824DYELLOW GOLD,2201100616865,194515142031,6321,6321x506080xxetiv824dyg,8MM INVISIBLE SET LARGE DIAMOND ETERNITY
XETIV824DROSE GOLD,2201100616872,194515142017,6321,6321x506080xxetiv824drg,8MM INVISIBLE SET LARGE DIAMOND ETERNITY
XFL7DYELLOW GOLD,2201100617169,194515048159,6321,6321x506080xxfl7dyg,7MM DIAMOND FLOWER THREADED STUD YELLOW
XFL7DROSE GOLD,2201100617176,194515048135,6321,6321x506080xxfl7drg,7MM DIAMOND FLOWER THREADED STUD ROSE GO
XLOTEG42DWHITE GOLD,2201100619408,194515088261,6321,6321x506080xxloteg42dwg,4MM DIAMOND ENGRAVED LOTUS THREADED STUD
XLOTEG42DYELLOW GOLD,2201100619415,194515088285,6321,6321x506080xxloteg42dyg,4MM DIAMOND ENGRAVED LOTUS THREADED STUD
XLOTEG42DROSE GOLD,2201100619422,194515088278,6321,6321x506080xxloteg42drg,4MM DIAMOND ENGRAVED LOTUS THREADED STUD
XLOTEG315DWHITE GOLD,2201100619439,194515088100,6321,6321x506080xxloteg315dwg,3MM DIAMOND ENGRAVED LOTUS THREADED STUD
XLOTEG315DYELLOW GOLD,2201100619446,194515088124,6321,6321x506080xxloteg315dyg,3MM DIAMOND ENGRAVED LOTUS THREADED STUD
XLOTEG315DROSE GOLD,2201100619453,194515088117,6321,6321x506080xxloteg315drg,3MM DIAMOND ENGRAVED LOTUS THREADED STUD
XETIV65DWHITE GOLD,2201100619668,194515141980,6321,6321x506080xxetiv65dwg,6.5MM INVISIBLE SET DIAMOND ETERNITY CLI
XETIV65DYELLOW GOLD,2201100619675,194515141997,6321,6321x506080xxetiv65dyg,6.5MM DIAMOND INVISIBLE SET ETERNITY RIN
XETIV65DROSE GOLD,2201100619682,194515141973,6321,6321x506080xxetiv65drg,6.5MM INVISIBLE SET DIAMOND ETERNITY CLI
CET2C65D-WG-L,2201100611846,194515011399,6321,6321x506080xcet2c65dwgl,"1/4"" Diamond Eternity with 2-Chains"
CET2C65D-WG-R,2201100611853,194515011405,6321,6321x506080xcet2c65dwgr,"1/4"" Diamond Eternity with 2-Chains"
CET2C65D-YG-L,2201100611860,194515011412,6321,6321x506080xcet2c65dygl,"1/4"" Diamond Eternity with 2-Chains"
CET2C65D-YG-R,2201100611877,194515011429,6321,6321x506080xcet2c65dygr,"1/4"" Diamond Eternity with 2-Chains"
CET2C65D-RG-L,2201100611884,194515011375,6321,6321x506080xcet2c65drgl,"1/4"" Diamond Eternity with 2-Chains"
CET2C65D-RG-R,2201100611891,194515011382,6321,6321x506080xcet2c65drgr,"1/4"" Diamond Eternity with 2-Chains"
CET2C8D-WG-L,2201100611907,194515011474,6321,6321x506080xcet2c8dwgl,"5/16"" Diamond Eternity with Two Chains"
CET2C8D-WG-R,2201100611914,194515011481,6321,6321x506080xcet2c8dwgr,"5/16"" Diamond Eternity with Two Chains"
CET2C8D-YG-R,2201100611938,194515011504,6321,6321x506080xcet2c8dygr,"5/16"" Diamond Eternity with Two Chains"
CET2C8D-RG-L,2201100611945,194515011450,6321,6321x506080xcet2c8drgl,"5/16"" Diamond Eternity with Two Chains"
CET2C8D-RG-R,2201100611952,194515011467,6321,6321x506080xcet2c8drgr,"5/16"" Diamond Eternity with Two Chains"
CR3C65-WG-L,2201100611969,194515028694,6321,6321x506080xcr3c65wgl,"1/4"" Plain Ring with 3-Chain"
CR3C65-WG-R,2201100611976,194515028700,6321,6321x506080xcr3c65wgr,"1/4"" Plain Ring with 3-Chain"
CR3C65-YG-L,2201100611983,194515028717,6321,6321x506080xcr3c65ygl,"1/4"" Plain Ring with 3-Chain"
CR3C65-YG-R,2201100611990,194515028724,6321,6321x506080xcr3c65ygr,"1/4"" Plain Ring with 3-Chain"
CR3C65-RG-L,2201100612003,194515028670,6321,6321x506080xcr3c65rgl,"1/4"" Plain Ring with 3-Chain"
CR3C65-RG-R,2201100612010,194515028687,6321,6321x506080xcr3c65rgr,"1/4"" Plain Ring with 3-Chain"
CR3C8-WG-L,2201100612027,194515028779,6321,6321x506080xcr3c8wgl,"5/16"" Plain Ring with 3-Chain"
CR3C8-WG-R,2201100612034,194515028786,6321,6321x506080xcr3c8wgr,"5/16"" Plain Ring with 3-Chain"
CR3C8-YG-L,2201100612041,194515028793,6321,6321x506080xcr3c8ygl,"5/16"" Plain Ring with 3-Chain"
CR3C8-YG-R,2201100612058,194515028809,6321,6321x506080xcr3c8ygr,"5/16"" Plain Ring with 3-Chain"
CR3C8-RG-L,2201100612065,194515028755,6321,6321x506080xcr3c8rgl,"5/16"" Plain Ring with 3-Chain"
CR3C8-RG-R,2201100612072,194515028762,6321,6321x506080xcr3c8rgr,"5/16"" Plain Ring with 3-Chain"
E2OP-WG,2201100612089,194515035623,6321,6321x506080xe2opwg,2mm Opal Traditional Stud
E2OP-YG,2201100612096,194515035630,6321,6321x506080xe2opyg,2mm Opal Traditional Stud
E2OP-RG,2201100612102,194515035616,6321,6321x506080xe2oprg,2mm Opal Traditional Stud
E2TND-WG,2201100612119,194515035661,6321,6321x506080xe2tndwg,Long Talon with Petite Diamonds Stud
E2TND-YG,2201100612126,194515035678,6321,6321x506080xe2tndyg,Long Talon with Petite Diamonds Stud
E2TND-RG,2201100612133,194515035654,6321,6321x506080xe2tndrg,Long Talon with Petite Diamonds Stud
E3BTR-WG,2201100612140,194515035739,6321,6321x506080xe3btrwg,Three Ball Trinity Stud
E3BTR-YG,2201100612157,194515035746,6321,6321x506080xe3btryg,Three Ball Trinity Stud
E3BTR-RG,2201100612164,194515035722,6321,6321x506080xe3btrrg,Three Ball Trinity Stud
E3DTRD-WG,2201100612171,194515119279,6321,6321x506080xe3dtrdwg,Diamond Trinity Stud
E3DTRD-YG,2201100612188,194515119286,6321,6321x506080xe3dtrdyg,Diamond Trinity Stud
E3DTRD-RG,2201100612195,194515119262,6321,6321x506080xe3dtrdrg,Diamond Trinity Stud
E3OP-WG,2201100612201,194515119590,6321,6321x506080xe3opwg,3mm Opal Traditional Stud
E3OP-YG,2201100612218,194515119606,6321,6321x506080xe3opyg,3mm Opal Traditional Stud
E3OP-RG,2201100612225,194515119583,6321,6321x506080xe3oprg,3mm Opal Traditional Stud
E4BTR-WG,2201100612232,194515120015,6321,6321x506080xe4btrwg,Four Ball Trinity Traditional Stud
E4BTR-YG,2201100612249,194515120022,6321,6321x506080xe4btryg,Four Ball Trinity Traditional Stud
E4BTR-RG,2201100612256,194515120008,6321,6321x506080xe4btrrg,Four Ball Trinity Traditional Stud
E4BTRD-WG,2201100612263,194515120046,6321,6321x506080xe4btrdwg,Dia Four Ball Trinity Traditional Stud
E4BTRD-YG,2201100612270,194515120053,6321,6321x506080xe4btrdyg,Dia Four Ball Trinity Traditional Stud
E4BTRD-RG,2201100612287,194515120039,6321,6321x506080xe4btrdrg,Dia Four Ball Trinity Traditional Stud
E4BTROP-WG,2201100612294,194515120077,6321,6321x506080xe4btropwg,Opal Four Ball Trinity Traditional Stud
E4BTROP-YG,2201100612300,194515120084,6321,6321x506080xe4btropyg,Opal Four Ball Trinity Traditional Stud
E4BTROP-RG,2201100612317,194515120060,6321,6321x506080xe4btroprg,Opal Four Ball Trinity Traditional Stud
EB2-WG,2201100612324,194515120480,6321,6321x506080xeb2wg,2mm Ball Stud
EB2-YG,2201100612331,194515120497,6321,6321x506080xeb2yg,2mm Ball Stud
EB2-RG,2201100612348,194515120473,6321,6321x506080xeb2rg,2mm Ball Stud
EBAR11-WG,2201100612355,194515120633,6321,6321x506080xebar11wg,11mm Polished Square Bar Stud
EBAR11-YG,2201100612362,194515120640,6321,6321x506080xebar11yg,11mm Polished Square Bar Stud
EBAR11-RG,2201100612379,194515120626,6321,6321x506080xebar11rg,11mm Polished Square Bar Stud
EBAR7-WG,2201100612386,194515120862,6321,6321x506080xebar7wg,7mm Polished Square Bar Stud
EBAR7-YG,2201100612393,194515120879,6321,6321x506080xebar7yg,7mm Polished Square Bar Stud
EBAR7-RG,2201100612409,194515120855,6321,6321x506080xebar7rg,7mm Polished Square Bar Stud
EBAR7M-WG,2201100612416,194515120893,6321,6321x506080xebar7mwg,7mm Matte Square Bar Stud
EBAR7M-YG,2201100612423,194515120909,6321,6321x506080xebar7myg,7mm Matte Square Bar Stud
EBAR7M-RG,2201100612430,194515120886,6321,6321x506080xebar7mrg,7mm Matte Square Bar Stud
EBARR11-WG,2201100612447,194515121005,6321,6321x506080xebarr11wg,11mm Polished Rnd Bar Stud
EBARR11-YG,2201100612454,194515121012,6321,6321x506080xebarr11yg,11mm Polished Rnd Bar Stud
EBARR11-RG,2201100612461,194515120992,6321,6321x506080xebarr11rg,11mm Polished Rnd Bar Stud
EBARR7-WG,2201100612478,194515121111,6321,6321x506080xebarr7wg,7mm Polished Rnd Bar Traditional Stud
EBARR7-YG,2201100612485,194515121128,6321,6321x506080xebarr7yg,7mm Polished Rnd Bar Traditional Stud
EBARR7-RG,2201100612492,194515121104,6321,6321x506080xebarr7rg,7mm Polished Rnd Bar Traditional Stud
EC3FLD-WG,2201100612508,194515122033,6321,6321x506080xec3fldwg,Dia Flower Garland Traditional Ear Stud
EC3FLD-YG,2201100612515,194515122040,6321,6321x506080xec3fldyg,Dia Flower Garland Traditional Ear Stud
EC3FLD-RG,2201100612522,194515122026,6321,6321x506080xec3fldrg,Dia Flower Garland Traditional Ear Stud
EET2C2D65D-WG,2201100612539,194515123221,6321,6321x506080xeet2c2d65dwg,"1/4"" Dia Etrn w/ 2 Rounds and 2 Chains"
EET2C2D65D-YG,2201100612546,194515123238,6321,6321x506080xeet2c2d65dyg,"1/4"" Dia Etrn w/ 2 Rounds and 2 Chains"
EET2C2D65D-RG,2201100612553,194515123214,6321,6321x506080xeet2c2d65drg,"1/4"" Dia Etrn w/ 2 Rounds and 2 Chains"
EET2C2D8D-WG,2201100612560,194515123269,6321,6321x506080xeet2c2d8dwg,"5/16"" Dia Etrn w/ 2 Rounds and 2 Chains"
EET2C2D8D-YG,2201100612577,194515123276,6321,6321x506080xeet2c2d8dyg,"5/16"" Dia Etrn w/ 2 Rounds and 2 Chains"
EET2C2D8D-RG,2201100612584,194515123252,6321,6321x506080xeet2c2d8drg,"5/16"" Dia Etrn w/ 2 Rounds and 2 Chains"
EET2CDBA65D-WG,2201100612591,194515123467,6321,6321x506080xeet2cdba65dwg,"1/4"" Dia Etrn w/ Baguette Dia, 2 Chains"
EET2CDBA65D-YG,2201100612607,194515123474,6321,6321x506080xeet2cdba65dyg,"1/4"" Dia Etrn w/ Baguette Dia, 2 Chains"
EET2CDBA65D-RG,2201100612614,194515123450,6321,6321x506080xeet2cdba65drg,"1/4"" Dia Etrn w/ Baguette Dia, 2 Chains"
EET2CDBA8D-WG,2201100612621,194515123504,6321,6321x506080xeet2cdba8dwg,"5/16"" Dia Etrn w/ Baguette Dia, 2 Chains"
EET2CDBA8D-YG,2201100612638,194515123511,6321,6321x506080xeet2cdba8dyg,"5/16"" Dia Etrn w/ Baguette Dia, 2 Chains"
EET2CDBA8D-RG,2201100612645,194515123498,6321,6321x506080xeet2cdba8drg,"5/16"" Dia Etrn w/ Baguette Dia, 2 Chains"
EFL3D-WG,2201100612652,194515124730,6321,6321x506080xefl3dwg,3mm Diamond Flower Traditional Stud
EFL3D-YG,2201100612669,194515124747,6321,6321x506080xefl3dyg,3mm Diamond Flower Traditional Stud
EFL3D-RG,2201100612676,194515124723,6321,6321x506080xefl3drg,3mm Diamond Flower Traditional Stud
EFL45D-WG,2201100612683,194515124846,6321,6321x506080xefl45dwg,4.5mm Diamond Flower Traditional Stud
EFL45D-YG,2201100612690,194515124853,6321,6321x506080xefl45dyg,4.5mm Diamond Flower Traditional Stud
EFL45D-RG,2201100612706,194515124839,6321,6321x506080xefl45drg,4.5mm Diamond Flower Traditional Stud
EHEART-WG,2201100612713,194515125980,6321,6321x506080xeheartwg,Heart Stud
EHEART-YG,2201100612720,194515125997,6321,6321x506080xeheartyg,Heart Stud
EHEART-RG,2201100612737,194515125973,6321,6321x506080xeheartrg,Heart Stud
EIV25D-WG,2201100612744,194515126093,6321,6321x506080xeiv25dwg,2.5mm Invisible Set Diamond Stud
EIV25D-YG,2201100612751,194515126109,6321,6321x506080xeiv25dyg,2.5mm Invisible Set Diamond Stud
EIV25D-RG,2201100612768,194515126086,6321,6321x506080xeiv25drg,2.5mm Invisible Set Diamond Stud
EIV2D-WG,2201100612775,194515126178,6321,6321x506080xeiv2dwg,2mm Invisible Set Diamond Stud
EIV2D-YG,2201100612782,194515126185,6321,6321x506080xeiv2dyg,2mm Invisible Set Diamond Stud
EIV2D-RG,2201100612799,194515126161,6321,6321x506080xeiv2drg,2mm Invisible Set Diamond Stud
ELB11BKD-WG,2201100612805,194515126581,6321,6321x506080xelb11bkdwg,Blk Dia Lightning Bolt Traditional Stud
ELB11BKD-YG,2201100612812,194515126598,6321,6321x506080xelb11bkdyg,Blk Dia Lightning Bolt Traditional Stud
ELB11BKD-RG,2201100612829,194515126574,6321,6321x506080xelb11bkdrg,Blk Dia Lightning Bolt Traditional Stud
ELB11BKD-BG,2201100612836,194515126567,6321,6321x506080xelb11bkdbg,Blk Dia Lightning Bolt Traditional Stud
ELB11D-WG,2201100612843,194515126628,6321,6321x506080xelb11dwg,Dia Lightning Bolt Traditional Stud
ELB11D-YG,2201100612850,194515126635,6321,6321x506080xelb11dyg,Dia Lightning Bolt Traditional Stud
ELB11D-RG,2201100612867,194515126611,6321,6321x506080xelb11drg,Dia Lightning Bolt Traditional Stud
ELB11D-BG,2201100612874,194515126604,6321,6321x506080xelb11dbg,Dia Lightning Bolt Traditional Stud
EMNPAD-WG,2201100612881,194515126666,6321,6321x506080xemnpadwg,Diamond Moon Stud
EMNPAD-YG,2201100612898,194515126673,6321,6321x506080xemnpadyg,Diamond Moon Stud
EMNPAD-RG,2201100612904,194515126659,6321,6321x506080xemnpadrg,Diamond Moon Stud
EMNSPAD-WG,2201100612911,194515126703,6321,6321x506080xemnspadwg,Small Diamond Moon Stud
EMNSPAD-YG,2201100612928,194515126710,6321,6321x506080xemnspadyg,Small Diamond Moon Stud
EMNSPAD-RG,2201100612935,194515126697,6321,6321x506080xemnspadrg,Small Diamond Moon Stud
EMQ625D-WG,2201100612942,194515126734,6321,6321x506080xemq625dwg,6mm Marquise Dia Traditional Stud
EMQ625D-YG,2201100612959,194515126741,6321,6321x506080xemq625dyg,6mm Marquise Dia Traditional Stud
EMQ625D-RG,2201100612966,194515126727,6321,6321x506080xemq625drg,6mm Marquise Dia Traditional Stud
EPE625D-WG,2201100612973,194515127090,6321,6321x506080xepe625dwg,6mm Diamond Pear Traditional Stud
EPE625D-YG,2201100612980,194515127106,6321,6321x506080xepe625dyg,6mm Diamond Pear Traditional Stud
EPE625D-RG,2201100612997,194515127083,6321,6321x506080xepe625drg,6mm Diamond Pear Traditional Stud
ER1SP65YELLOW GOLD,2201100613017,194515127328,6321,6321x506080xer1sp65yg,6.5MM SINGLE SHORT SPIKE NON-ROTATING CL
ER1SP65ROSE GOLD,2201100613024,194515127304,6321,6321x506080xer1sp65rg,6.5MM SINGLE SHORT SPIKE NON-ROTATING CL
ER1SP65BKOP-WG,2201100613031,194515127359,6321,6321x506080xer1sp65bkopwg,"1/4"" Blk Opl Sngl Spk Non-Rotating Ring"
ER1SP65BKOP-YG,2201100613048,194515127366,6321,6321x506080xer1sp65bkopyg,"1/4"" Blk Opl Sngl Spk Non-Rotating Ring"
ER1SP65BKOP-RG,2201100613055,194515127342,6321,6321x506080xer1sp65bkoprg,"1/4"" Blk Opl Sngl Spk Non-Rotating Ring"
ER1SP65OP-WG,2201100613062,194515127434,6321,6321x506080xer1sp65opwg,"1/4"" Opal Single Spike Non-Rotating Ring"
ER1SP65OP-YG,2201100613079,194515127441,6321,6321x506080xer1sp65opyg,"1/4"" Opal Single Spike Non-Rotating Ring"
ER1SP65OP-RG,2201100613086,194515127427,6321,6321x506080xer1sp65oprg,"1/4"" Opal Single Spike Non-Rotating Ring"
ER1SP8WHITE GOLD,2201100613093,194515127519,6321,6321x506080xer1sp8wg,8MM SINGLE SHORT SPIKE NON-ROTATING CLIC
ER1SP8YELLOW GOLD,2201100613109,194515127526,6321,6321x506080xer1sp8yg,8MM SINGLE SHORT SPIKE NON-ROTATING CLIC
ER1SP8ROSE GOLD,2201100613116,194515127502,6321,6321x506080xer1sp8rg,8MM SINGLE SHORT SPIKE NON-ROTATING CLIC
ER1SP8BKOP-WG,2201100613123,194515127557,6321,6321x506080xer1sp8bkopwg,"5/16"" Blk Opl Sbgl Spk Non-Rotating Ring"
ER1SP8BKOP-YG,2201100613130,194515127564,6321,6321x506080xer1sp8bkopyg,"5/16"" Blk Opl Sbgl Spk Non-Rotating Ring"
ER1SP8BKOP-RG,2201100613147,194515127540,6321,6321x506080xer1sp8bkoprg,"5/16"" Blk Opl Sbgl Spk Non-Rotating Ring"
ER1SP8OP-WG,2201100613154,194515127632,6321,6321x506080xer1sp8opwg,"5/16"" Opl Sngl Spk Non-Rotating Ring"
ER1SP8OP-YG,2201100613161,194515127649,6321,6321x506080xer1sp8opyg,"5/16"" Opl Sngl Spk Non-Rotating Ring"
ER1SP8OP-RG,2201100613178,194515127625,6321,6321x506080xer1sp8oprg,"5/16"" Opl Sngl Spk Non-Rotating Ring"
ER1SP95-WG,2201100613185,194515127700,6321,6321x506080xer1sp95wg,"3/8"" Single Spike Non-Rotating Ring"
ER1SP95-YG,2201100613192,194515127717,6321,6321x506080xer1sp95yg,"3/8"" Single Spike Non-Rotating Ring"
ER1SP95-RG,2201100613208,194515127694,6321,6321x506080xer1sp95rg,"3/8"" Single Spike Non-Rotating Ring"
ER1SP95BKOP-WG,2201100613215,194515127748,6321,6321x506080xer1sp95bkopwg,"3/8"" Blk Opl Sngl Spk Non-Rotating Ring"
ER1SP95BKOP-YG,2201100613222,194515127755,6321,6321x506080xer1sp95bkopyg,"3/8"" Blk Opl Sngl Spk Non-Rotating Ring"
ER1SP95BKOP-RG,2201100613239,194515127731,6321,6321x506080xer1sp95bkoprg,"3/8"" Blk Opl Sngl Spk Non-Rotating Ring"
ER1SP95OP-WG,2201100613246,194515127823,6321,6321x506080xer1sp95opwg,"3/8"" Opal Single Spike Non-Rotating Ring"
ER1SP95OP-YG,2201100613253,194515127830,6321,6321x506080xer1sp95opyg,"3/8"" Opal Single Spike Non-Rotating Ring"
ER1SP95OP-RG,2201100613260,194515127816,6321,6321x506080xer1sp95oprg,"3/8"" Opal Single Spike Non-Rotating Ring"
ER3SP65-WG,2201100613277,194515127892,6321,6321x506080xer3sp65wg,"1/4"" Triple Spike Non-Rotating Ring"
ER3SP65-YG,2201100613284,194515127908,6321,6321x506080xer3sp65yg,"1/4"" Triple Spike Non-Rotating Ring"
ER3SP65-RG,2201100613291,194515127885,6321,6321x506080xer3sp65rg,"1/4"" Triple Spike Non-Rotating Ring"
ESC15BKD-WG,2201100613307,194515129452,6321,6321x506080xesc15bkdwg,1.5mm Black Diamond Scalloped Stud
ESC15BKD-YG,2201100613314,194515129469,6321,6321x506080xesc15bkdyg,1.5mm Black Diamond Scalloped Stud
ESC15BKD-RG,2201100613321,194515129445,6321,6321x506080xesc15bkdrg,1.5mm Black Diamond Scalloped Stud
ESC15D-WG,2201100613338,194515129483,6321,6321x506080xesc15dwg,1.5mm Scalloped Set Diamond Stud
ESC15D-YG,2201100613345,194515129490,6321,6321x506080xesc15dyg,1.5mm Scalloped Set Diamond Stud
ESC15D-RG,2201100613352,194515129476,6321,6321x506080xesc15drg,1.5mm Scalloped Set Diamond Stud
ESC2BKD-WG,2201100613369,194515129643,6321,6321x506080xesc2bkdwg,2mm Black Diamond Scalloped Set Stud
ESC2BKD-YG,2201100613376,194515129650,6321,6321x506080xesc2bkdyg,2mm Black Diamond Scalloped Set Stud
ESC2BKD-RG,2201100613383,194515129636,6321,6321x506080xesc2bkdrg,2mm Black Diamond Scalloped Set Stud
ESC2D-WG,2201100613390,194515129674,6321,6321x506080xesc2dwg,2mm Scalloped Set Diamond Stud
ESC2D-YG,2201100613406,194515129681,6321,6321x506080xesc2dyg,2mm Scalloped Set Diamond Stud
ESC2D-RG,2201100613413,194515129667,6321,6321x506080xesc2drg,2mm Scalloped Set Diamond Stud
ESC3D-WG,2201100613420,194515129834,6321,6321x506080xesc3dwg,3mm Scalloped Set Diamond Stud
ESC3D-YG,2201100613437,194515129841,6321,6321x506080xesc3dyg,3mm Scalloped Set Diamond Stud
ESC3D-RG,2201100613444,194515129827,6321,6321x506080xesc3drg,3mm Scalloped Set Diamond Stud
ESTAR-WG,2201100613451,194515012099,6321,6321x506080xestarwg,Plain Star Stud
ESTAR-YG,2201100613468,194515012105,6321,6321x506080xestaryg,Plain Star Stud
ESTAR-RG,2201100613475,194515012082,6321,6321x506080xestarrg,Plain Star Stud
ESTAR45DWHITE GOLD,2201100613482,194515012136,6321,6321x506080xestar45dwg,4.5MM DIAMOND STAR EARSTUD WHITE GOLD
ESTAR45DYELLOW GOLD,2201100613499,194515012143,6321,6321x506080xestar45dyg,4.5MM DIAMOND STAR EARSTUD YELLOW GOLD
ESTAR55D-WG,2201100613512,194515012174,6321,6321x506080xestar55dwg,5.5mm Diamond Star Stud
ESTAR55D-YG,2201100613529,194515012181,6321,6321x506080xestar55dyg,5.5mm Diamond Star Stud
ESTAR55D-RG,2201100613536,194515012167,6321,6321x506080xestar55drg,5.5mm Diamond Star Stud
P3OP-WG-12,2201100613543,194515109614,6321,6321x506080xp3opwg12w,12mm 3mm Opal Nipple Bar
P3OP-WG-12,2201100613550,194515109638,6321,6321x506080xp3opwg12y,12mm 3mm Opal Nipple Bar
P3OP-WG-12,2201100613567,194515109652,6321,6321x506080xp3opwg12r,12mm 3mm Opal Nipple Bar
P3OP-WG-14,2201100613574,194515109621,6321,6321x506080xp3opwg14,14mm 3mm Opal Nipple Bar
P3OP-WG-14,2201100613581,194515109645,6321,6321x506080xp3opyg14,14mm 3mm Opal Nipple Bar
P3OP-WG-14,2201100613598,194515109669,6321,6321x506080xp3oprg14,14mm 3mm Opal Nipple Bar
PB4-WG-12,2201100613604,194515110894,6321,6321x506080xpb4wg12w,12mm 4mm Gold Ball Nipple Bar
PB4-WG-12,2201100613611,194515110917,6321,6321x506080xpb4wg12y,12mm 4mm Gold Ball Nipple Bar
PB4-WG-12,2201100613628,194515110931,6321,6321x506080xpb4wg12r,12mm 4mm Gold Ball Nipple Bar
PB4-WG-14,2201100613635,194515110900,6321,6321x506080xpb4wg14w,14mm 4mm Gold Ball Nipple Bar
PB4-WG-14,2201100613642,194515110924,6321,6321x506080xpb4wg14y,14mm 4mm Gold Ball Nipple Bar
PB4-WG-14,2201100613659,194515110948,6321,6321x506080xpb4wg14r,14mm 4mm Gold Ball Nipple Bar
PB5-WG-12,2201100613666,194515111273,6321,6321x506080xpb5wg12w,12mm 5mm Gold Ball Nipple Bar
PB5-WG-12,2201100613673,194515111297,6321,6321x506080xpb5wg12y,12mm 5mm Gold Ball Nipple Bar
PB5-WG-12,2201100613680,194515111310,6321,6321x506080xpb5wg12r,12mm 5mm Gold Ball Nipple Bar
PB5-WG-14,2201100613697,194515111280,6321,6321x506080xpb5wg14w,14mm 5mm Gold Ball Nipple Bar
PB5-WG-14,2201100613703,194515111303,6321,6321x506080xpb5wg14y,14mm 5mm Gold Ball Nipple Bar
PB5-WG-14,2201100613710,194515111327,6321,6321x506080xpb5wg14r,14mm 5mm Gold Ball Nipple Bar
PEG3CZ-WG-12,2201100613727,194515111570,6321,6321x506080xpeg3czwg12w,12mm 3mm CZ Nipple Bar
PEG3CZ-WG-12,2201100613734,194515111594,6321,6321x506080xpeg3czwg12y,12mm 3mm CZ Nipple Bar
PEG3CZ-WG-12,2201100613741,194515111617,6321,6321x506080xpeg3czwg12r,12mm 3mm CZ Nipple Bar
PEG3CZ-WG-14,2201100613758,194515111587,6321,6321x506080xpeg3czwg14w,14mm 3mm CZ Nipple Bar
PEG3CZ-WG-14,2201100613765,194515111600,6321,6321x506080xpeg3czwg14y,14mm 3mm CZ Nipple Bar
PEG3CZ-WG-14,2201100613772,194515111624,6321,6321x506080xpeg3czwg14r,14mm 3mm CZ Nipple Bar
RB253-WG-6.5,2201100613789,194515112270,6321,6321x506080xrb253wg65w,2.5-3mm Gold Ball Rook Bar 6.5mm
RB253-WG-6.5,2201100613796,194515112287,6321,6321x506080xrb253wg65y,2.5-3mm Gold Ball Rook Bar 6.5mm
RB253-WG-8,2201100613819,194515089893,6321,6321x506080xrb253wg8w,2.5-3mm Gold Ball Rook Bar 8mm
RB253-WG-8,2201100613826,194515089923,6321,6321x506080xrb253wg8y,2.5-3mm Gold Ball Rook Bar 8mm
RFLP453CZ-WG-6.5,2201100613840,194515112669,6321,6321x506080xflp453czwg65w,Flower and 3mm Cz Rook Bar 6.5mm
RFLP453CZ-WG-8,2201100613871,194515112676,6321,6321x506080xrflp453czwg8w,Flower and 3mm Cz Rook Bar 8mm
RP34CZ-WG-6.5,2201100613901,194515113048,6321,6321x506080xrp34czwg65w,3-4mm CZ Prong Rook Bar 6.5mm
RP34CZ-WG-6.5,2201100613918,194515113055,6321,6321x506080xrp34czwg65y,3-4mm CZ Prong Rook Bar 6.5mm
RP34CZ-WG-8,2201100613932,194515113062,6321,6321x506080xrp34czwg8w,3-4mm CZ Prong Rook Bar 8mm
RP34CZ-WG-8,2201100613949,194515113079,6321,6321x506080xrp34czwg8y,3-4mm CZ Prong Rook Bar 8mm
VB445-WG-8,2201100613963,194515035937,6321,6321x506080xvb445wg8w,4-4.5mm Gold Ball Navel Bar 8mm
VB445-WG-9.5,2201100613994,194515035944,6321,6321x506080xvb445wg95w,4-4.5mm Gold Ball Navel Bar 9.5mm
VC34OP-WG-8,2201100614021,194515037542,6321,6321x506080xvc34opwg8w,3-4mm Opal Navel Bar 8mm
VC34OP-WG-9.5,2201100614052,194515037559,6321,6321x506080xvc34opwg95w,3-4mm Opal Navel Bar 9.5mm
VFLB454CZ-WG-8,2201100614083,194515038396,6321,6321x506080xvflb454czwg8w,CZ Flower and Gold Ball Navel Bar 8mm
VFLB454CZ-WG-9.5,2201100614113,194515038402,6321,6321x506080xflb454czwg95w,CZ Flower and Gold Ball Navel Bar 9.5mm
VP46CZ-WG-8,2201100614144,194515041150,6321,6321x506080xvp46czwg8w,4-6mm CZ Prong Navel Bar 8mm
VP46CZ-WG-9.5,2201100614175,194515041167,6321,6321x506080xvp46czwg95w,4-6mm CZ Prong Navel Bar 9.5mm
X2HCCM65-WG,2201100614205,194515045172,6321,6321x506080xx2hccm65wg,"1/4"" Handcuff Rings with Medium Chain"
X2HCCM65-YG,2201100614212,194515045189,6321,6321x506080xx2hccm65yg,"1/4"" Handcuff Rings with Medium Chain"
X2HCCM65-RG,2201100614229,194515045165,6321,6321x506080xx2hccm65rg,"1/4"" Handcuff Rings with Medium Chain"
X2HCCM65DD-WG,2201100614236,194515045257,6321,6321x506080xx2hccm65ddwg,"1/4"" Dbl Dia Handcuff Rings w/ Med Chain"
X2HCCM65DD-YG,2201100614243,194515045264,6321,6321x506080xx2hccm65ddyg,"1/4"" Dbl Dia Handcuff Rings w/ Med Chain"
X2HCCM65DD-RG,2201100614250,194515045240,6321,6321x506080xx2hccm65ddrg,"1/4"" Dbl Dia Handcuff Rings w/ Med Chain"
X2HCCM8-WG,2201100614267,194515045295,6321,6321x506080xx2hccm8wg,"5/16"" Handcuff Rings with Medium Chain"
X2HCCM8-YG,2201100614274,194515045301,6321,6321x506080xx2hccm8yg,"5/16"" Handcuff Rings with Medium Chain"
X2HCCM8-RG,2201100614281,194515045288,6321,6321x506080xx2hccm8rg,"5/16"" Handcuff Rings with Medium Chain"
X2HCCM8D-WG,2201100614298,194515045332,6321,6321x506080xx2hccm8dwg,"5/16"" Dbl Dia Handcuff Ring w/ Med Chain"
X2HCCM8D-YG,2201100614304,194515045349,6321,6321x506080xx2hccm8dyg,"5/16"" Dbl Dia Handcuff Ring w/ Med Chain"
X2HCCM8D-RG,2201100614311,194515045325,6321,6321x506080xx2hccm8drg,"5/16"" Dbl Dia Handcuff Ring w/ Med Chain"
X2OP-WG,2201100614328,194515045592,6321,6321x506080xx2opwg,2mm Opal Threaded Stud
X2OP-YG,2201100614335,194515045608,6321,6321x506080xx2opyg,2mm Opal Threaded Stud
X2OP-RG,2201100614342,194515045585,6321,6321x506080xx2oprg,2mm Opal Threaded Stud
X3BTR-WG,2201100614359,194515045882,6321,6321x506080xx3btrwg,Ball Trinity Threaded Stud
X3BTR-YG,2201100614366,194515045899,6321,6321x506080xx3btryg,Ball Trinity Threaded Stud
X3BTR-RG,2201100614373,194515045875,6321,6321x506080xx3btrrg,Ball Trinity Threaded Stud
X3BTRL-WG,2201100614380,194515045912,6321,6321x506080xx3btrlwg,Large Three Ball Trinity Threaded Stud
X3BTRL-YG,2201100614397,194515045929,6321,6321x506080xx3btrlyg,Large Three Ball Trinity Threaded Stud
X3BTRL-RG,2201100614403,194515045905,6321,6321x506080xx3btrlrg,Large Three Ball Trinity Threaded Stud
X3DTRD-WG,2201100614410,194515045974,6321,6321x506080xx3dtrdwg,Diamond Trinity Threaded Stud
X3DTRD-YG,2201100614427,194515045981,6321,6321x506080xx3dtrdyg,Diamond Trinity Threaded Stud
X3DTRD-RG,2201100614434,194515045967,6321,6321x506080xx3dtrdrg,Diamond Trinity Threaded Stud
X3DTRDLROSE GOLD,2201100614465,194515045998,6321,6321x506080xx3dtrdlrg,LARGE DIAMOND TRINITY THREADED STUD ROSE
X3OP-WG,2201100614472,194515046582,6321,6321x506080xx3opwg,3mm Opal Threaded Stud
X3OP-YG,2201100614489,194515046599,6321,6321x506080xx3opyg,3mm Opal Threaded Stud
X3OP-RG,2201100614496,194515046575,6321,6321x506080xx3oprg,3mm Opal Threaded Stud
X3P652D-WG,2201100614502,194515046728,6321,6321x506080xx3p652dwg,"1/4"" 2mm Diamond Princess Ring"
X3P652D-YG,2201100614519,194515046735,6321,6321x506080xx3p652dyg,"1/4"" 2mm Diamond Princess Ring"
X3P652D-RG,2201100614526,194515046711,6321,6321x506080xx3p652drg,"1/4"" 2mm Diamond Princess Ring"
X3P82D-WG,2201100614533,194515046827,6321,6321x506080xx3p82dwg,"5/16"" 2mm Diamond Princess Ring"
X3P82D-YG,2201100614540,194515046834,6321,6321x506080xx3p82dyg,"5/16"" 2mm Diamond Princess Ring"
X3P82D-RG,2201100614557,194515046810,6321,6321x506080xx3p82drg,"5/16"" 2mm Diamond Princess Ring"
X3P952D-WG,2201100614564,194515046933,6321,6321x506080xx3p952dwg,"3/8"" 2mm Diamond Princess Ring"
X3P952D-YG,2201100614571,194515046940,6321,6321x506080xx3p952dyg,"3/8"" 2mm Diamond Princess Ring"
X3P952D-RG,2201100614588,194515046926,6321,6321x506080xx3p952drg,"3/8"" 2mm Diamond Princess Ring"
X3PH168CZ-WG,2201100614595,194515047411,6321,6321x506080xx3ph168czwg,"16g 5/16"" CZ Horizontal Princess Ring"
X3PH168CZ-YG,2201100614601,194515047428,6321,6321x506080xx3ph168czyg,"16g 5/16"" CZ Horizontal Princess Ring"
X3PH168CZ-RG,2201100614618,194515047404,6321,6321x506080xx3ph168czrg,"16g 5/16"" CZ Horizontal Princess Ring"
X3PH168OP-WG,2201100614625,194515047497,6321,6321x506080xx3ph168opwg,"16g 5/16"" Opal Horizontal Princess Ring"
X3PH168OP-YG,2201100614632,194515047503,6321,6321x506080xx3ph168opyg,"16g 5/16"" Opal Horizontal Princess Ring"
X3PH168OP-RG,2201100614649,194515047480,6321,6321x506080xx3ph168oprg,"16g 5/16"" Opal Horizontal Princess Ring"
X3PH1695CZ-WG,2201100614656,194515047572,6321,6321x506080xx3ph1695czwg,"16g 3/8"" CZ Horizontal Princess Ring"
X3PH1695CZ-YG,2201100614663,194515047589,6321,6321x506080xx3ph1695czyg,"16g 3/8"" CZ Horizontal Princess Ring"
X3PH1695CZ-RG,2201100614670,194515047565,6321,6321x506080xx3ph1695czrg,"16g 3/8"" CZ Horizontal Princess Ring"
X3PH1695OP-WG,2201100614687,194515047657,6321,6321x506080xx3ph1695opwg,"16g 3/8"" Opal Horizontal Princess Ring"
X3PH1695OP-YG,2201100614694,194515047664,6321,6321x506080xx3ph1695opyg,"16g 3/8"" Opal Horizontal Princess Ring"
X3PH1695OP-RG,2201100614700,194515047640,6321,6321x506080xx3ph1695oprg,"16g 3/8"" Opal Horizontal Princess Ring"
X4BTR-WG,2201100614717,194515131257,6321,6321x506080xx4btrwg,Four Ball Trinity Threaded Stud
X4BTR-YG,2201100614724,194515131264,6321,6321x506080xx4btryg,Four Ball Trinity Threaded Stud
X4BTR-RG,2201100614731,194515131240,6321,6321x506080xx4btrrg,Four Ball Trinity Threaded Stud
X4BTRD-WG,2201100614748,194515131288,6321,6321x506080xx4btrdwg,Diamond Four Ball Trinity Threaded Stud
X4BTRD-YG,2201100614755,194515131295,6321,6321x506080xx4btrdyg,Diamond Four Ball Trinity Threaded Stud
X4BTRD-RG,2201100614762,194515131271,6321,6321x506080xx4btrdrg,Diamond Four Ball Trinity Threaded Stud
X4BTROP-WG,2201100614779,194515131318,6321,6321x506080xx4btropwg,Opal Four Ball Trinity Threaded Stud
X4BTROP-YG,2201100614786,194515131325,6321,6321x506080xx4btropyg,Opal Four Ball Trinity Threaded Stud
X4BTROP-RG,2201100614793,194515131301,6321,6321x506080xx4btroprg,Opal Four Ball Trinity Threaded Stud
X4DTRDWHITE GOLD,2201100614809,194515131431,6321,6321x506080xx4dtrdwg,FOUR DIAMOND TRINITY THREADED STUD WHITE
X5IVD2-WG,2201100614830,194515131554,6321,6321x506080xx5ivd2wg,Invisible Set 5 Diamond Threaded Stud
X5IVD2-YG,2201100614847,194515131561,6321,6321x506080xx5ivd2yg,Invisible Set 5 Diamond Threaded Stud
X5IVD2-RG,2201100614854,194515131547,6321,6321x506080xx5ivd2rg,Invisible Set 5 Diamond Threaded Stud
X5PA65D2-WG,2201100614861,194515131875,6321,6321x506080xx5pa65d2wg,"1/4"" Diamond Five Row Pave Ring"
X5PA65D2-YG,2201100614878,194515131882,6321,6321x506080xx5pa65d2yg,"1/4"" Diamond Five Row Pave Ring"
X5PA65D2-RG,2201100614885,194515131868,6321,6321x506080xx5pa65d2rg,"1/4"" Diamond Five Row Pave Ring"
X5PA95D2-WG,2201100614922,194515132278,6321,6321x506080xx5pa95d2wg,"3/8""  Diamond Five Row Pave Ring"
X5PA95D2-YG,2201100614939,194515132285,6321,6321x506080xx5pa95d2yg,"3/8""  Diamond Five Row Pave Ring"
X5PA95D2-RG,2201100614946,194515132261,6321,6321x506080xx5pa95d2rg,"3/8""  Diamond Five Row Pave Ring"
XAP8CZ-WG,2201100614953,194515132599,6321,6321x506080xxap8czwg,"5/16""  CZ Apsara Ring"
XAP8CZ-YG,2201100614960,194515132605,6321,6321x506080xxap8czyg,"5/16""  CZ Apsara Ring"
XAP8CZ-RG,2201100614977,194515132582,6321,6321x506080xxap8czrg,"5/16""  CZ Apsara Ring"
XAP8D-WG,2201100614984,194515132667,6321,6321x506080xxap8dwg,"5/16"" Diamond Apsara Ring"
XAP8D-YG,2201100614991,194515132674,6321,6321x506080xxap8dyg,"5/16"" Diamond Apsara Ring"
XAP8D-RG,2201100615004,194515132650,6321,6321x506080xxap8drg,"5/16"" Diamond Apsara Ring"
XAP95CZ-WG,2201100615011,194515132698,6321,6321x506080xxap95czwg,"3/8"" CZ Apsara Ring"
XAP95CZ-YG,2201100615028,194515132704,6321,6321x506080xxap95czyg,"3/8"" CZ Apsara Ring"
XAP95CZ-RG,2201100615035,194515132681,6321,6321x506080xxap95czrg,"3/8"" CZ Apsara Ring"
XAR10D-WG,2201100615042,194515132803,6321,6321x506080xxar10dwg,10mm Diamond Arrow Threaded Stud
XAR10D-YG,2201100615059,194515132810,6321,6321x506080xxar10dyg,10mm Diamond Arrow Threaded Stud
XAR10D-RG,2201100615066,194515132797,6321,6321x506080xxar10drg,10mm Diamond Arrow Threaded Stud
XAR10D-BG,2201100615073,194515132780,6321,6321x506080xxar10dbg,10mm Diamond Arrow Threaded Stud
XAR75D-WG,2201100615080,194515133442,6321,6321x506080xxar75dwg,7.5mm Diamond Arrow Threaded Stud
XAR75D-YG,2201100615097,194515133459,6321,6321x506080xxar75dyg,7.5mm Diamond Arrow Threaded Stud
XAR75D-RG,2201100615103,194515133435,6321,6321x506080xxar75drg,7.5mm Diamond Arrow Threaded Stud
XAR75D-BG,2201100615110,194515133428,6321,6321x506080xxar75dbg,7.5mm Diamond Arrow Threaded Stud
XB2-WG,2201100615127,194515133510,6321,6321x506080xxb2wg,2mm Ball Threaded Stud
XB2-YG,2201100615134,194515133527,6321,6321x506080xxb2yg,2mm Ball Threaded Stud
XB2-RG,2201100615141,194515133503,6321,6321x506080xxb2rg,2mm Ball Threaded Stud
XB25-WG,2201100615158,194515133558,6321,6321x506080xxb25wg,2.5mm Ball Threaded Stud
XB25-YG,2201100615165,194515133565,6321,6321x506080xxb25yg,2.5mm Ball Threaded Stud
XB25-BG,2201100615172,194515133534,6321,6321x506080xxb25bg,2.5mm Ball Threaded Stud
XB3-WG,2201100615189,194515133589,6321,6321x506080xxb3wg,3mm Ball Threaded Stud
XB3-YG,2201100615196,194515133596,6321,6321x506080xxb3yg,3mm Ball Threaded Stud
XB3-RG,2201100615202,194515133572,6321,6321x506080xxb3rg,3mm Ball Threaded Stud
XBAD-WG,2201100615219,194515133619,6321,6321x506080xxbadwg,Diamond Baguette Threaded Stud
XBAD-YG,2201100615226,194515133626,6321,6321x506080xxbadyg,Diamond Baguette Threaded Stud
XBAD-RG,2201100615233,194515133602,6321,6321x506080xxbadrg,Diamond Baguette Threaded Stud
XBAR11-WG,2201100615240,194515133671,6321,6321x506080xxbar11wg,11mm Polished Square Bar Threaded Stud
XBAR11-YG,2201100615257,194515133688,6321,6321x506080xxbar11yg,11mm Polished Square Bar Threaded Stud
XBAR11-RG,2201100615264,194515133664,6321,6321x506080xxbar11rg,11mm Polished Square Bar Threaded Stud
XBAR7-WG,2201100615271,194515133978,6321,6321x506080xxbar7wg,7mm Polished Square Bar Threaded Stud
XBAR7-YG,2201100615288,194515133985,6321,6321x506080xxbar7yg,7mm Polished Square Bar Threaded Stud
XBAR7-RG,2201100615295,194515133961,6321,6321x506080xxbar7rg,7mm Polished Square Bar Threaded Stud
XBARR11-WG,2201100615301,194515134111,6321,6321x506080xxbarr11wg,11mm Polished Round Bar Threaded Stud
XBARR11-YG,2201100615318,194515134128,6321,6321x506080xxbarr11yg,11mm Polished Round Bar Threaded Stud
XBARR11-RG,2201100615325,194515134104,6321,6321x506080xxbarr11rg,11mm Polished Round Bar Threaded Stud
XBARR7-WG,2201100615332,194515134302,6321,6321x506080xxbarr7wg,7mm Polished Round Bar Threaded Stud
XBARR7-YG,2201100615349,194515134319,6321,6321x506080xxbarr7yg,7mm Polished Round Bar Threaded Stud
XBARR7-RG,2201100615356,194515134296,6321,6321x506080xxbarr7rg,7mm Polished Round Bar Threaded Stud
XBF-WG,2201100615363,194515134807,6321,6321x506080xxbfwg,Ball Flower Threaded Stud
XBF-YG,2201100615370,194515134814,6321,6321x506080xxbfyg,Ball Flower Threaded Stud
XBF-RG,2201100615387,194515134791,6321,6321x506080xxbfrg,Ball Flower Threaded Stud
XC3FLD-WG,2201100615394,194515135477,6321,6321x506080xxc3fldwg,Diamond 3 Flower Garland Threaded Stud
XC3FLD-RG,2201100615400,194515135460,6321,6321x506080xxc3fldrg,Diamond 3 Flower Garland Threaded Stud
XC3FLD-YG,2201100615417,194515135484,6321,6321x506080xxc3fldyg,Diamond 3 Flower Garland Threaded Stud
XC3FLOP-WG,2201100615424,194515135538,6321,6321x506080xxc3flopwg,Three Opal Flower Garland Threaded Stud
XC3FLOP-YG,2201100615431,194515135545,6321,6321x506080xxc3flopyg,Three Opal Flower Garland Threaded Stud
XC3FLOP-RG,2201100615448,194515135521,6321,6321x506080xxc3floprg,Three Opal Flower Garland Threaded Stud
XC3STD-WG,2201100615455,194515135569,6321,6321x506080xxc3stdwg,Diamond Star Garland Threaded Stud
XC3STD-YG,2201100615462,194515135576,6321,6321x506080xxc3stdyg,Diamond Star Garland Threaded Stud
XC3STD-RG,2201100615479,194515135552,6321,6321x506080xxc3stdrg,Diamond Star Garland Threaded Stud
XCFL5D-WG,2201100615486,194515135668,6321,6321x506080xxcfl5dwg,Diamond 5 Flower Garland Threaded Stud
XCFL5D-YG,2201100615493,194515135675,6321,6321x506080xxcfl5dyg,Diamond 5 Flower Garland Threaded Stud
XCFL5D-RG,2201100615509,194515135651,6321,6321x506080xxcfl5drg,Diamond 5 Flower Garland Threaded Stud
XCHBAD-WG,2201100615516,194515135699,6321,6321x506080xxchbadwg,3mm Diamond Baguette Charm
XCHBAD-YG,2201100615523,194515135705,6321,6321x506080xxchbadyg,3mm Diamond Baguette Charm
XCHBAD-RG,2201100615530,194515135682,6321,6321x506080xxchbadrg,3mm Diamond Baguette Charm
XCHTRD-WG,2201100615547,194515135842,6321,6321x506080xxchtrdwg,Diamond Trillion Charm
XCHTRD-YG,2201100615554,194515135859,6321,6321x506080xxchtrdyg,Diamond Trillion Charm
XCHTRD-RG,2201100615561,194515135835,6321,6321x506080xxchtrdrg,Diamond Trillion Charm
XCN65BKD-WG,2201100615578,194515136085,6321,6321x506080xxcn65bkdwg,"1/4"" Black Diamond Coronet Ring"
XCN65BKD-YG,2201100615585,194515136092,6321,6321x506080xxcn65bkdyg,"1/4"" Black Diamond Coronet Ring"
XCN65BKD-RG,2201100615592,194515136078,6321,6321x506080xxcn65bkdrg,"1/4"" Black Diamond Coronet Ring"
XCN65PE-WG,2201100615608,194515136146,6321,6321x506080xxcn65pewg,"1/4"" Pearl Coronet Ring"
XCN65PE-YG,2201100615615,194515136153,6321,6321x506080xxcn65peyg,"1/4"" Pearl Coronet Ring"
XCN65PE-RG,2201100615622,194515136139,6321,6321x506080xxcn65perg,"1/4"" Pearl Coronet Ring"
XCN8BKD-WG,2201100615639,194515136214,6321,6321x506080xxcn8bkdwg,"5/16"" Black Diamond Coronet Ring"
XCN8BKD-YG,2201100615646,194515136221,6321,6321x506080xxcn8bkdyg,"5/16"" Black Diamond Coronet Ring"
XCN8BKD-RG,2201100615653,194515136207,6321,6321x506080xxcn8bkdrg,"5/16"" Black Diamond Coronet Ring"
XDG65D-WG-L,2201100615691,194515137358,6321,6321x506080xxdg65dwgl,Diamond Dagger Threaded Stud
XDG65D-WG-R,2201100615707,194515137365,6321,6321x506080xxdg65dwgr,Diamond Dagger Threaded Stud
XDG65D-YG-L,2201100615714,194515188749,6321,6321x506080xxdg65dygl,Diamond Dagger Threaded Stud
XDG65D-YG-R,2201100615721,194515137389,6321,6321x506080xxdg65dygr,Diamond Dagger Threaded Stud
XDG65D-RG-L,2201100615738,194515137334,6321,6321x506080xxdg65drgl,Diamond Dagger Threaded Stud
XDG65D-RG-R,2201100615745,194515137341,6321,6321x506080xxdg65drgr,Diamond Dagger Threaded Stud
XDH8CZ-WG,2201100615752,194515137853,6321,6321x506080xxdh8czwg,"5/16"" CZ Dhara Ring"
XDH8CZ-YG,2201100615769,194515137860,6321,6321x506080xxdh8czyg,"5/16"" CZ Dhara Ring"
XDH8CZ-RG,2201100615776,194515137846,6321,6321x506080xxdh8czrg,"5/16"" CZ Dhara Ring"
XET11D-WG,2201100615783,194515138379,6321,6321x506080xxet11dwg,"7/16"" Diamond Eternity Ring"
XET11D-YG,2201100615790,194515138386,6321,6321x506080xxet11dyg,"7/16"" Diamond Eternity Ring"
XET11D-RG,2201100615806,194515138362,6321,6321x506080xxet11drg,"7/16"" Diamond Eternity Ring"
XET125D-WG,2201100615813,194515138539,6321,6321x506080xxet125dwg,"1/2"" Diamond Eternity Ring"
XET125D-YG,2201100615820,194515138546,6321,6321x506080xxet125dyg,"1/2"" Diamond Eternity Ring"
XET125D-RG,2201100615837,194515138522,6321,6321x506080xxet125drg,"1/2"" Diamond Eternity Ring"
XET1SP65YELLOW GOLD,2201100615851,194515138621,6321,6321x506080xxet1sp65yg,6.5MM SINGLE SHORT SPIKE DIAMOND ETERNIT
XET1SP65ROSE GOLD,2201100615868,194515138607,6321,6321x506080xxet1sp65rg,6.5MM SINGLE SHORT SPIKE DIAMOND ETERNIT
XET1SP95-WG,2201100615905,194515139017,6321,6321x506080xxet1sp95wg,"3/8"" Single Spike Diamond Eternity Ring"
XET1SP95-YG,2201100615912,194515139024,6321,6321x506080xxet1sp95yg,"3/8"" Single Spike Diamond Eternity Ring"
XET1SP95-RG,2201100615929,194515139000,6321,6321x506080xxet1sp95rg,"3/8"" Single Spike Diamond Eternity Ring"
XET3SPL65D-WG,2201100615936,194515139383,6321,6321x506080xxet3spl65dwg,"1/4"" Triple Spike Diamond Eternity Ring"
XET3SPL65D-YG,2201100615943,194515139390,6321,6321x506080xxet3spl65dyg,"1/4"" Triple Spike Diamond Eternity Ring"
XET3SPL65D-RG,2201100615950,194515139376,6321,6321x506080xxet3spl65drg,"1/4"" Triple Spike Diamond Eternity Ring"
XET3SPL8D-WG,2201100615967,194515139543,6321,6321x506080xxet3spl8dwg,"5/16"" Triple Spike Diamond Eternity Ring"
XET3SPL8D-YG,2201100615974,194515139550,6321,6321x506080xxet3spl8dyg,"5/16"" Triple Spike Diamond Eternity Ring"
XET3SPL8D-RG,2201100615981,194515139536,6321,6321x506080xxet3spl8drg,"5/16"" Triple Spike Diamond Eternity Ring"
XET3SPL95D-WG,2201100615998,194515139703,6321,6321x506080xxet3spl95dwg,"3/8"" Triple Spike Diamond Eternity Ring"
XET3SPL95D-YG,2201100616001,194515139710,6321,6321x506080xxet3spl95dyg,"3/8"" Triple Spike Diamond Eternity Ring"
XET3SPL95D-RG,2201100616018,194515139697,6321,6321x506080xxet3spl95drg,"3/8"" Triple Spike Diamond Eternity Ring"
XET5BKD-WG,2201100616025,194515139864,6321,6321x506080xxet5bkdwg,"3/16"" Black Diamond Eternity Ring"
XET5BKD-YG,2201100616032,194515139871,6321,6321x506080xxet5bkdyg,"3/16"" Black Diamond Eternity Ring"
XET5BKD-RG,2201100616049,194515139857,6321,6321x506080xxet5bkdrg,"3/16"" Black Diamond Eternity Ring"
XET5BKD-BG,2201100616056,194515139840,6321,6321x506080xxet5bkdbg,"3/16"" Black Diamond Eternity Ring"
XET5D-WG,2201100616063,194515139901,6321,6321x506080xxet5dwg,3/16 Diamond Eternity Ring
XET5D-YG,2201100616070,194515139918,6321,6321x506080xxet5dyg,3/16 Diamond Eternity Ring
XET5D-RG,2201100616087,194515139895,6321,6321x506080xxet5drg,3/16 Diamond Eternity Ring
XET5D-BG,2201100616094,194515139888,6321,6321x506080xxet5dbg,3/16 Diamond Eternity Ring
XET65BKD-WG,2201100616100,194515139949,6321,6321x506080xxet65bkdwg,"1/4"" Black Diamond Eternity Ring"
XET65BKD-YG,2201100616117,194515139956,6321,6321x506080xxet65bkdyg,"1/4"" Black Diamond Eternity Ring"
XET65BKD-RG,2201100616124,194515139932,6321,6321x506080xxet65bkdrg,"1/4"" Black Diamond Eternity Ring"
XET65BKD-BG,2201100616131,194515139925,6321,6321x506080xxet65bkdbg,"1/4"" Black Diamond Eternity Ring"
XET65OP-WG,2201100616186,194515140068,6321,6321x506080xxet65opwg,"1/4"" Opal Eternity Clicker"
XET65OP-YG,2201100616193,194515140075,6321,6321x506080xxet65opyg,"1/4"" Opal Eternity Clicker"
XET65OP-RG,2201100616209,194515140051,6321,6321x506080xxet65oprg,"1/4"" Opal Eternity Clicker"
XET65PE-WG,2201100616216,194515140099,6321,6321x506080xxet65pewg,"1/4"" Pearl Eternity Clicker"
XET65PE-YG,2201100616223,194515140105,6321,6321x506080xxet65peyg,"1/4"" Pearl Eternity Clicker"
XET65PE-RG,2201100616230,194515140082,6321,6321x506080xxet65perg,"1/4"" Pearl Eternity Clicker"
XET8BKD22-WG,2201100616247,194515140167,6321,6321x506080xxet8bkd22wg,"5/16"" Black Diamond Eternity Ring"
XET8BKD22-YG,2201100616254,194515140174,6321,6321x506080xxet8bkd22yg,"5/16"" Black Diamond Eternity Ring"
XET8BKD22-RG,2201100616261,194515140150,6321,6321x506080xxet8bkd22rg,"5/16"" Black Diamond Eternity Ring"
XET8BKD22-BG,2201100616278,194515140143,6321,6321x506080xxet8bkd22bg,"5/16"" Black Diamond Eternity Ring"
XET8D22YELLOW GOLD,2201100616292,194515140259,6321,6321x506080xxet8d22yg,8MM DIAMOND ETERNITY RING YELLOW GOLD
XET8OP-WG,2201100616322,194515140280,6321,6321x506080xxet8opwg,"5/16"" Opal Eternity Ring"
XET8OP-YG,2201100616339,194515140297,6321,6321x506080xxet8opyg,"5/16"" Opal Eternity Ring"
XET8OP-RG,2201100616346,194515140273,6321,6321x506080xxet8oprg,"5/16"" Opal Eternity Ring"
XET8PE-WG,2201100616353,194515140310,6321,6321x506080xxet8pewg,"5/16"" Pearl Eternity Ring"
XET8PE-YG,2201100616360,194515140327,6321,6321x506080xxet8peyg,"5/16"" Pearl Eternity Ring"
XET8PE-RG,2201100616377,194515140303,6321,6321x506080xxet8perg,"5/16"" Pearl Eternity Ring"
XET95BKD26-WG,2201100616384,194515140433,6321,6321x506080xxet95bkd26wg,"3/8"" Black Diamond Eternity Ring"
XET95BKD26-YG,2201100616391,194515140440,6321,6321x506080xxet95bkd26yg,"3/8"" Black Diamond Eternity Ring"
XET95BKD26-RG,2201100616407,194515140426,6321,6321x506080xxet95bkd26rg,"3/8"" Black Diamond Eternity Ring"
XET95BKD26-BG,2201100616414,194515140419,6321,6321x506080xxet95bkd26bg,"3/8"" Black Diamond Eternity Ring"
XET95D26-WG,2201100616421,194515140518,6321,6321x506080xxet95d26wg,"3/8"" Diamond Eternity Ring"
XET95D26-YG,2201100616438,194515140525,6321,6321x506080xxet95d26yg,"3/8"" Diamond Eternity Ring"
XET95D26-RG,2201100616445,194515140501,6321,6321x506080xxet95d26rg,"3/8"" Diamond Eternity Ring"
XET95D26-BG,2201100616452,194515140495,6321,6321x506080xxet95d26bg,"3/8"" Diamond Eternity Ring"
XET95OP-WG,2201100616469,194515140556,6321,6321x506080xxet95opwg,"3/8"" Opal Eternity Ring"
XET95OP-YG,2201100616476,194515140563,6321,6321x506080xxet95opyg,"3/8"" Opal Eternity Ring"
XET95OP-RG,2201100616483,194515140549,6321,6321x506080xxet95oprg,"3/8"" Opal Eternity Ring"
XET95PE-WG,2201100616490,194515140587,6321,6321x506080xxet95pewg,"3/8"" Pearl Eternity Ring"
XET95PE-YG,2201100616506,194515140594,6321,6321x506080xxet95peyg,"3/8"" Pearl Eternity Ring"
XET95PE-RG,2201100616513,194515140570,6321,6321x506080xxet95perg,"3/8"" Pearl Eternity Ring"
XETH168CZ-WG,2201100616520,194515141331,6321,6321x506080xxeth168czwg,"16g 5/16"" CZ Horizontal Eternity Ring"
XETH168CZ-YG,2201100616537,194515141348,6321,6321x506080xxeth168czyg,"16g 5/16"" CZ Horizontal Eternity Ring"
XETH168CZ-RG,2201100616544,194515141324,6321,6321x506080xxeth168czrg,"16g 5/16"" CZ Horizontal Eternity Ring"
XETH168D-WG,2201100616551,194515141416,6321,6321x506080xxeth168dwg,"16g 5/16"" Dia Horizontal Eternity Ring"
XETH168D-YG,2201100616568,194515141423,6321,6321x506080xxeth168dyg,"16g 5/16"" Dia Horizontal Eternity Ring"
XETH168D-RG,2201100616575,194515141409,6321,6321x506080xxeth168drg,"16g 5/16"" Dia Horizontal Eternity Ring"
XETH168OP-WG,2201100616582,194515141454,6321,6321x506080xxeth168opwg,"16g 5/16"" Opal Horizontal Eternity Ring"
XETH168OP-YG,2201100616599,194515141461,6321,6321x506080xxeth168opyg,"16g 5/16"" Opal Horizontal Eternity Ring"
XETH168OP-RG,2201100616605,194515141447,6321,6321x506080xxeth168oprg,"16g 5/16"" Opal Horizontal Eternity Ring"
XETH168PE-WG,2201100616612,194515141522,6321,6321x506080xxeth168pewg,"16g 5/16"" Pearl Horizontal Eternity Ring"
XETH168PE-YG,2201100616629,194515141539,6321,6321x506080xxeth168peyg,"16g 5/16"" Pearl Horizontal Eternity Ring"
XETH168PE-RG,2201100616636,194515141515,6321,6321x506080xxeth168perg,"16g 5/16"" Pearl Horizontal Eternity Ring"
XETH168TQ-WG,2201100616643,194515141553,6321,6321x506080xxeth168tqwg,"16g 5/16"" Turquoise Horizontal Etrn Ring"
XETH168TQ-YG,2201100616650,194515141560,6321,6321x506080xxeth168tqyg,"16g 5/16"" Turquoise Horizontal Etrn Ring"
XETH168TQ-RG,2201100616667,194515141546,6321,6321x506080xxeth168tqrg,"16g 5/16"" Turquoise Horizontal Etrn Ring"
XETH1695CZ-WG,2201100616674,194515141591,6321,6321x506080xxeth1695czwg,"16g 3/8"" CZ Horizontal Eternity Ring"
XETH1695CZ-YG,2201100616681,194515141607,6321,6321x506080xxeth1695czyg,"16g 3/8"" CZ Horizontal Eternity Ring"
XETH1695CZ-RG,2201100616698,194515141584,6321,6321x506080xxeth1695czrg,"16g 3/8"" CZ Horizontal Eternity Ring"
XETH1695OP-WG,2201100616704,194515141676,6321,6321x506080xxeth1695opwg,"16g 3/8"" Opal Horizontal Eternity Ring"
XETH1695OP-YG,2201100616711,194515141683,6321,6321x506080xxeth1695opyg,"16g 3/8"" Opal Horizontal Eternity Ring"
XETH1695OP-RG,2201100616728,194515141669,6321,6321x506080xxeth1695oprg,"16g 3/8"" Opal Horizontal Eternity Ring"
XETH1695PE-WG,2201100616735,194515141706,6321,6321x506080xxeth1695pewg,"16g 3/8"" Pearl Horizontal Eternity Ring"
XETH1695PE-YG,2201100616742,194515141713,6321,6321x506080xxeth1695peyg,"16g 3/8"" Pearl Horizontal Eternity Ring"
XETH1695PE-RG,2201100616759,194515141690,6321,6321x506080xxeth1695perg,"16g 3/8"" Pearl Horizontal Eternity Ring"
XETH1695TQ-WG,2201100616766,194515141737,6321,6321x506080xxeth1695tqwg,"16g 3/8"" Turquoise Horizontal Etrn Ring"
XETH1695TQ-YG,2201100616773,194515141744,6321,6321x506080xxeth1695tqyg,"16g 3/8"" Turquoise Horizontal Etrn Ring"
XETH1695TQ-RG,2201100616780,194515141720,6321,6321x506080xxeth1695tqrg,"16g 3/8"" Turquoise Horizontal Etrn Ring"
XETIV5D-WG,2201100616797,194515141850,6321,6321x506080xxetiv5dwg,"3/16"" Invisible Set Dia Eternity Ring"
XETIV5D-YG,2201100616803,194515141867,6321,6321x506080xxetiv5dyg,"3/16"" Invisible Set Dia Eternity Ring"
XETIV5D-RG,2201100616810,194515141843,6321,6321x506080xxetiv5drg,"3/16"" Invisible Set Dia Eternity Ring"
XETIV6524D-WG,2201100616827,194515141898,6321,6321x506080xxetiv6524dwg,"1/4"" Invisible Set Lag Dia Eternity Ring"
XETIV6524D-YG,2201100616834,194515141904,6321,6321x506080xxetiv6524dyg,"1/4"" Invisible Set Lag Dia Eternity Ring"
XETIV6524D-RG,2201100616841,194515141881,6321,6321x506080xxetiv6524drg,"1/4"" Invisible Set Lag Dia Eternity Ring"
XETIV8DWHITE GOLD,2201100616889,194515142109,6321,6321x506080xxetiv8dwg,8MM INVISIBLE SET DIAMOND ETERNITY RING
XETIV8DYELLOW GOLD,2201100616896,194515142116,6321,6321x506080xxetiv8dyg,8MM INVISIBLE SET DIAMOND ETERNITY RING
XETIV8DROSE GOLD,2201100616902,194515142093,6321,6321x506080xxetiv8drg,8MM INVISIBLE SET DIAMOND ETERNITY RING
XETIV9524D-WG,2201100616919,194515142147,6321,6321x506080xxetiv9524dwg,"3/8"" Invisible Set Lrg Dia Eternity Ring"
XETIV9524D-YG,2201100616926,194515142154,6321,6321x506080xxetiv9524dyg,"3/8"" Invisible Set Lrg Dia Eternity Ring"
XETIV9524D-RG,2201100616933,194515142130,6321,6321x506080xxetiv9524drg,"3/8"" Invisible Set Lrg Dia Eternity Ring"
XETST6545D-WG,2201100616940,194515142772,6321,6321x506080xxetst6545dwg,"1/4"" Diamond Star Eternity Ring"
XETST6545D-YG,2201100616957,194515142789,6321,6321x506080xxetst6545dyg,"1/4"" Diamond Star Eternity Ring"
XETST6545D-RG,2201100616964,194515142765,6321,6321x506080xxetst6545drg,"1/4"" Diamond Star Eternity Ring"
XETST6545D-BG,2201100616971,194515142758,6321,6321x506080xxetst6545dbg,"1/4"" Diamond Star Eternity Ring"
XETST845D-WG,2201100616988,194515142819,6321,6321x506080xxetst845dwg,"5/16"" Diamond Star Eternity Ring"
XETST845D-YG,2201100616995,194515142826,6321,6321x506080xxetst845dyg,"5/16"" Diamond Star Eternity Ring"
XETST845D-RG,2201100617008,194515142802,6321,6321x506080xxetst845drg,"5/16"" Diamond Star Eternity Ring"
XETST845D-BG,2201100617015,194515142796,6321,6321x506080xxetst845dbg,"5/16"" Diamond Star Eternity Ring"
XETST9545D-WG,2201100617022,194515142857,6321,6321x506080xxetst9545dwg,"3/8"" Diamond Star Eternity Clicker"
XETST9545D-YG,2201100617039,194515142864,6321,6321x506080xxetst9545dyg,"3/8"" Diamond Star Eternity Clicker"
XETST9545D-RG,2201100617046,194515142840,6321,6321x506080xxetst9545drg,"3/8"" Diamond Star Eternity Clicker"
XETST9545D-BG,2201100617053,194515142833,6321,6321x506080xxetst9545dbg,"3/8"" Diamond Star Eternity Clicker"
XFL3D-WG,2201100617060,194515047725,6321,6321x506080xxfl3dwg,3mm Diamond Flower Threaded Stud
XFL3D-YG,2201100617077,194515047732,6321,6321x506080xxfl3dyg,3mm Diamond Flower Threaded Stud
XFL3D-RG,2201100617084,194515047718,6321,6321x506080xxfl3drg,3mm Diamond Flower Threaded Stud
XFL45D-WG,2201100617091,194515047848,6321,6321x506080xxfl45dwg,4.5mm Diamond Flower Threaded Stud
XFL45D-YG,2201100617107,194515047855,6321,6321x506080xxfl45dyg,4.5mm Diamond Flower Threaded Stud
XFL45D-RG,2201100617114,194515047831,6321,6321x506080xxfl45drg,4.5mm Diamond Flower Threaded Stud
XFL55D-WG,2201100617121,194515048005,6321,6321x506080xxfl55dwg,5.5mm Diamond Flower Threaded Stud
XFL55D-YG,2201100617138,194515048012,6321,6321x506080xxfl55dyg,5.5mm Diamond Flower Threaded Stud
XFL55D-RG,2201100617145,194515047992,6321,6321x506080xxfl55drg,5.5mm Diamond Flower Threaded Stud
XFL7DWHITE GOLD,2201100617152,194515048142,6321,6321x506080xxfl7dwg,7MM DIAMOND FLOWER THREADED STUD WHITE G
XFLD65OP-WG,2201100617183,194515048425,6321,6321x506080xxfld65opwg,6.5mm Opal Flower w/ Dia  Threaded Stud
XFLD65OP-YG,2201100617190,194515048432,6321,6321x506080xxfld65opyg,6.5mm Opal Flower w/ Dia  Threaded Stud
XFLD65OP-RG,2201100617206,194515048418,6321,6321x506080xxfld65oprg,6.5mm Opal Flower w/ Dia  Threaded Stud
XHEART-WG,2201100617213,194515049378,6321,6321x506080xxheartwg,Heart Threaded Stud
XHEART-YG,2201100617220,194515049385,6321,6321x506080xxheartyg,Heart Threaded Stud
XHEART-RG,2201100617237,194515049361,6321,6321x506080xxheartrg,Heart Threaded Stud
XHN8-WG,2201100617244,194515049538,6321,6321x506080xxhn8wg,"16g 5/16"" Hiranya Ring"
XHN8-YG,2201100617251,194515049545,6321,6321x506080xxhn8yg,"16g 5/16"" Hiranya Ring"
XHN8-RG,2201100617268,194515049521,6321,6321x506080xxhn8rg,"16g 5/16"" Hiranya Ring"
XHN95-WG,2201100617275,194515049576,6321,6321x506080xxhn95wg,"16g 3/8"" Hiranya Ring"
XHN95-YG,2201100617282,194515049583,6321,6321x506080xxhn95yg,"16g 3/8"" Hiranya Ring"
XHN95-RG,2201100617299,194515049569,6321,6321x506080xxhn95rg,"16g 3/8"" Hiranya Ring"
XIV15D-WG,2201100617305,194515049637,6321,6321x506080xxiv15dwg,1.5mm Invisible Set Dia Threaded Stud
XIV15D-YG,2201100617312,194515049644,6321,6321x506080xxiv15dyg,1.5mm Invisible Set Dia Threaded Stud
XIV15D-RG,2201100617329,194515049620,6321,6321x506080xxiv15drg,1.5mm Invisible Set Dia Threaded Stud
XIV25D-WG,2201100617336,194515049699,6321,6321x506080xxiv25dwg,2.5mm Invisible Set Dia Threaded Stud
XIV25D-YG,2201100617343,194515049705,6321,6321x506080xxiv25dyg,2.5mm Invisible Set Dia Threaded Stud
XIV25D-RG,2201100617350,194515049682,6321,6321x506080xxiv25drg,2.5mm Invisible Set Dia Threaded Stud
XIV2D-WG,2201100617367,194515049781,6321,6321x506080xxiv2dwg,2mm Invisible Set Dia Threaded Stud
XIV2D-YG,2201100617374,194515049798,6321,6321x506080xxiv2dyg,2mm Invisible Set Dia Threaded Stud
XIV2D-RG,2201100617381,194515049774,6321,6321x506080xxiv2drg,2mm Invisible Set Dia Threaded Stud
XIV35D-WG,2201100617398,194515049873,6321,6321x506080xxiv35dwg,3.5mm Invisible Set Dia Threaded Stud
XIV35D-YG,2201100617404,194515049880,6321,6321x506080xxiv35dyg,3.5mm Invisible Set Dia Threaded Stud
XIV35D-RG,2201100617411,194515049866,6321,6321x506080xxiv35drg,3.5mm Invisible Set Dia Threaded Stud
XIV3DWHITE GOLD,2201100617428,194515049989,6321,6321x506080xxiv3dwg,3MM INVISIBLE SET DIAMOND THREADED STUD
XIV3DYELLOW GOLD,2201100617435,194515049996,6321,6321x506080xxiv3dyg,3MM INVISIBLE SET DIAMOND THREADED STUD
XIV3DROSE GOLD,2201100617442,194515049972,6321,6321x506080xxiv3drg,3MM INVISIBLE SET DIAMOND THREADED STUD
XIV4DWHITE GOLD,2201100617459,194515050107,6321,6321x506080xxiv4dwg,4.1MM INVISIBLE SET DIAMOND THREADED STU
XIV4DYELLOW GOLD,2201100617466,194515050114,6321,6321x506080xxiv4dyg,4.1MM INVISIBLE SET DIAMOND THREADED STU
XIV4DROSE GOLD,2201100617473,194515050091,6321,6321x506080xxiv4drg,4.1MM INVISIBLE SET DIAMOND THREADED STU
XLB11BKD-WG,2201100617480,194515050350,6321,6321x506080xxlb11bkdwg,Blk Dia Lightning Bolt Threaded Stud
XLB11BKD-YG,2201100617497,194515050367,6321,6321x506080xxlb11bkdyg,Blk Dia Lightning Bolt Threaded Stud
XLB11BKD-RG,2201100617503,194515050343,6321,6321x506080xxlb11bkdrg,Blk Dia Lightning Bolt Threaded Stud
XLB11BKD-BG,2201100617510,194515050336,6321,6321x506080xxlb11bkdbg,Blk Dia Lightning Bolt Threaded Stud
XLB11D-WG,2201100617527,194515050398,6321,6321x506080xxlb11dwg,Diamond Lightning Bolt Threaded Stud
XLB11D-YG,2201100617534,194515050404,6321,6321x506080xxlb11dyg,Diamond Lightning Bolt Threaded Stud
XLB11D-RG,2201100617541,194515050381,6321,6321x506080xxlb11drg,Diamond Lightning Bolt Threaded Stud
XLB11D-BG,2201100617558,194515050374,6321,6321x506080xxlb11dbg,Diamond Lightning Bolt Threaded Stud
XMNPAD-WG,2201100617565,194515050466,6321,6321x506080xxmnpadwg,Diamond Moon Threaded Stud
XMNPAD-YG,2201100617572,194515050473,6321,6321x506080xxmnpadyg,Diamond Moon Threaded Stud
XMNPAD-RG,2201100617589,194515050459,6321,6321x506080xxmnpadrg,Diamond Moon Threaded Stud
XMNPAD-BG,2201100617596,194515050442,6321,6321x506080xxmnpadbg,Diamond Moon Threaded Stud
XMNSPAD-WG,2201100617602,194515050503,6321,6321x506080xxmnspadwg,Small Diamond Moon Threaded Stud
XMNSPAD-YG,2201100617619,194515050510,6321,6321x506080xxmnspadyg,Small Diamond Moon Threaded Stud
XMNSPAD-RG,2201100617626,194515050497,6321,6321x506080xxmnspadrg,Small Diamond Moon Threaded Stud
XMNSPAD-BG,2201100617633,194515050480,6321,6321x506080xxmnspadbg,Small Diamond Moon Threaded Stud
XPACD-WG,2201100617640,194515050831,6321,6321x506080xxpacdwg,Micropave Open Circle Threaded Stud
XPACD-YG,2201100617657,194515050848,6321,6321x506080xxpacdyg,Micropave Open Circle Threaded Stud
XPACD-RG,2201100617664,194515050824,6321,6321x506080xxpacdrg,Micropave Open Circle Threaded Stud
XPAISLD-WG,2201100617671,194515050862,6321,6321x506080xxpaisldwg,Diamond Paisley (Left) Threaded Stud
XPAISLD-YG,2201100617688,194515050879,6321,6321x506080xxpaisldyg,Diamond Paisley (Left) Threaded Stud
XPAISLD-RG,2201100617695,194515050855,6321,6321x506080xxpaisldrg,Diamond Paisley (Left) Threaded Stud
XPAISRD-WG,2201100617701,194515050893,6321,6321x506080xxpaisrdwg,Diamond Paisley (Right) Threaded Stud
XPAISRD-YG,2201100617718,194515050909,6321,6321x506080xxpaisrdyg,Diamond Paisley (Right) Threaded Stud
XPAISRD-RG,2201100617725,194515050886,6321,6321x506080xxpaisrdrg,Diamond Paisley (Right) Threaded Stud
XPEAR-WG,2201100617732,194515051012,6321,6321x506080xxpearwg,Plain Pear Shaped Tash Threaded Stud
XPEAR-YG,2201100617749,194515051029,6321,6321x506080xxpearyg,Plain Pear Shaped Tash Threaded Stud
XPEAR-RG,2201100617756,194515051005,6321,6321x506080xxpearrg,Plain Pear Shaped Tash Threaded Stud
XR11-WG,2201100617763,194515051142,6321,6321x506080xxr11wg,"7/16"" Plain Ring"
XR11-YG,2201100617770,194515051159,6321,6321x506080xxr11yg,"7/16"" Plain Ring"
XR11-RG,2201100617787,194515051135,6321,6321x506080xxr11rg,"7/16"" Plain Ring"
XR11-BG,2201100617794,194515051128,6321,6321x506080xxr11bg,"7/16"" Plain Ring"
XR168-WG,2201100617800,194515051586,6321,6321x506080xxr168wg,"16g 5/16"" Plain Ring"
XR168-YG,2201100617817,194515051593,6321,6321x506080xxr168yg,"16g 5/16"" Plain Ring"
XR168-RG,2201100619248,194515051579,6321,6321x506080xxr168rg,"16g 5/16"" Plain Ring"
XR1695-WG,2201100617824,194515051654,6321,6321x506080xxr1695wg,"16g 3/8"" Plain Ring"
XR1695-YG,2201100617831,194515051661,6321,6321x506080xxr1695yg,"16g 3/8"" Plain Ring"
XR1695-RG,2201100617848,194515051647,6321,6321x506080xxr1695rg,"16g 3/8"" Plain Ring"
XR3SP65-WG,2201100617855,194515052361,6321,6321x506080xxr3sp65wg,"1/4"" Triple Spike  Ring"
XR3SP65-YG,2201100617862,194515052378,6321,6321x506080xxr3sp65yg,"1/4"" Triple Spike  Ring"
XR3SP65-RG,2201100617879,194515052354,6321,6321x506080xxr3sp65rg,"1/4"" Triple Spike  Ring"
XR3SP8-WG,2201100617886,194515052514,6321,6321x506080xxr3sp8wg,"5/16"" Triple Spike Clicker Ring"
XR3SP8-YG,2201100617893,194515052521,6321,6321x506080xxr3sp8yg,"5/16"" Triple Spike Clicker Ring"
XR3SP8-RG,2201100617909,194515052507,6321,6321x506080xxr3sp8rg,"5/16"" Triple Spike Clicker Ring"
XR3SP95-WG,2201100617916,194515052699,6321,6321x506080xxr3sp95wg,"3/8"" Triple Spike Ring"
XR3SP95-YG,2201100617923,194515052705,6321,6321x506080xxr3sp95yg,"3/8"" Triple Spike Ring"
XR3SP95-RG,2201100617930,194515052682,6321,6321x506080xxr3sp95rg,"3/8"" Triple Spike Ring"
XR3SPL65-WG,2201100617947,194515053344,6321,6321x506080xxr3spl65wg,"1/4"" Triple Long Spike Ring"
XR3SPL65-YG,2201100617954,194515053351,6321,6321x506080xxr3spl65yg,"1/4"" Triple Long Spike Ring"
XR3SPL65-RG,2201100617961,194515053337,6321,6321x506080xxr3spl65rg,"1/4"" Triple Long Spike Ring"
XR3SPL65BKOP-WG,2201100617978,194515053382,6321,6321x506080xr3spl65bkopwg,"1/4"" Black Opal Triple Long Spike Ring"
XR3SPL65BKOP-YG,2201100617985,194515053399,6321,6321x506080xr3spl65bkopyg,"1/4"" Black Opal Triple Long Spike Ring"
XR3SPL65BKOP-RG,2201100617992,194515053375,6321,6321x506080xr3spl65bkoprg,"1/4"" Black Opal Triple Long Spike Ring"
XR3SPL65OP-WG,2201100618005,194515053467,6321,6321x506080xxr3spl65opwg,"1/4"" Opal Triple Spike Ring"
XR3SPL65OP-YG,2201100618012,194515053474,6321,6321x506080xxr3spl65opyg,"1/4"" Opal Triple Spike Ring"
XR3SPL65OP-RG,2201100618029,194515053450,6321,6321x506080xxr3spl65oprg,"1/4"" Opal Triple Spike Ring"
XR3SPL8-WG,2201100618036,194515053542,6321,6321x506080xxr3spl8wg,"5/16"" Triple Long Spike Ring"
XR3SPL8-YG,2201100618043,194515053559,6321,6321x506080xxr3spl8yg,"5/16"" Triple Long Spike Ring"
XR3SPL8-RG,2201100618050,194515053535,6321,6321x506080xxr3spl8rg,"5/16"" Triple Long Spike Ring"
XR3SPL8BKOP-WG,2201100618067,194515053580,6321,6321x506080xxr3spl8bkopwg,"5/16"" Black Opal Triple Long Spike Ring"
XR3SPL8BKOP-YG,2201100618074,194515053597,6321,6321x506080xxr3spl8bkopyg,"5/16"" Black Opal Triple Long Spike Ring"
XR3SPL8BKOP-RG,2201100618081,194515053573,6321,6321x506080xxr3spl8bkoprg,"5/16"" Black Opal Triple Long Spike Ring"
XR3SPL8OP-WG,2201100618098,194515053702,6321,6321x506080xxr3spl8opwg,"5/16"" Opal Triple Long Spike Ring"
XR3SPL8OP-YG,2201100618104,194515053719,6321,6321x506080xxr3spl8opyg,"5/16"" Opal Triple Long Spike Ring"
XR3SPL8OP-RG,2201100618111,194515053696,6321,6321x506080xxr3spl8oprg,"5/16"" Opal Triple Long Spike Ring"
XR3SPL95-WG,2201100618128,194515053771,6321,6321x506080xxr3spl95wg,"3/8"" Triple Long Spike Ring"
XR3SPL95-YG,2201100618135,194515053788,6321,6321x506080xxr3spl95yg,"3/8"" Triple Long Spike Ring"
XR3SPL95-RG,2201100618142,194515053764,6321,6321x506080xxr3spl95rg,"3/8"" Triple Long Spike Ring"
XR3SPL95BKOP-WG,2201100618159,194515053818,6321,6321x506080xr3spl95bkopwg,"3/8"" Black Opal Triple Long Spike Ring"
XR3SPL95BKOP-YG,2201100618166,194515053825,6321,6321x506080xr3spl95bkopyg,"3/8"" Black Opal Triple Long Spike Ring"
XR3SPL95BKOP-RG,2201100618173,194515053801,6321,6321x506080xr3spl95bkoprg,"3/8"" Black Opal Triple Long Spike Ring"
XR3SPL95OP-WG,2201100618180,194515053931,6321,6321x506080xxr3spl95opwg,"3/8"" Opal Triple Long Spike Ring"
XR3SPL95OP-YG,2201100618197,194515053948,6321,6321x506080xxr3spl95opyg,"3/8"" Opal Triple Long Spike Ring"
XR3SPL95OP-RG,2201100618203,194515053924,6321,6321x506080xxr3spl95oprg,"3/8"" Opal Triple Long Spike Ring"
XR5-WG,2201100618210,194515054013,6321,6321x506080xxr5wg,"3/16"" Plain Ring"
XR5-YG,2201100618227,194515054020,6321,6321x506080xxr5yg,"3/16"" Plain Ring"
XR5-RG,2201100618234,194515054006,6321,6321x506080xxr5rg,"3/16"" Plain Ring"
XR5-BG,2201100618241,194515053993,6321,6321x506080xxr5bg,"3/16"" Plain Ring"
XR65-WG,2201100618258,194515054051,6321,6321x506080xxr65wg,"1/4"" Plain Ring"
XR65-YG,2201100618265,194515054068,6321,6321x506080xxr65yg,"1/4"" Plain Ring"
XR65-RG,2201100618272,194515054044,6321,6321x506080xxr65rg,"1/4"" Plain Ring"
XR8-WG,2201100618289,194515054099,6321,6321x506080xxr8wg,"5/16"" Plain Ring"
XR8-YG,2201100618296,194515054105,6321,6321x506080xxr8yg,"5/16"" Plain Ring"
XR8-RG,2201100618302,194515054082,6321,6321x506080xxr8rg,"5/16"" Plain Ring"
XR95-WG,2201100618319,194515054136,6321,6321x506080xxr95wg,"3/8"" Plain Ring"
XR95-YG,2201100618326,194515054143,6321,6321x506080xxr95yg,"3/8"" Plain Ring"
XR95-RG,2201100618333,194515054129,6321,6321x506080xxr95rg,"3/8"" Plain Ring"
XRSC5D-WG,2201100618340,194515056567,6321,6321x506080xxrsc5dwg,"3/16"" Scalloped Diamond Ring"
XRSC5D-YG,2201100618357,194515056574,6321,6321x506080xxrsc5dyg,"3/16"" Scalloped Diamond Ring"
XRSC5D-RG,2201100618364,194515056550,6321,6321x506080xxrsc5drg,"3/16"" Scalloped Diamond Ring"
XRSC65D-WG,2201100618371,194515056628,6321,6321x506080xxrsc65dwg,"1/4"" Scalloped Diamond Ring"
XRSC65D-YG,2201100618388,194515056635,6321,6321x506080xxrsc65dyg,"1/4"" Scalloped Diamond Ring"
XRSC65D-RG,2201100618395,194515056611,6321,6321x506080xxrsc65drg,"1/4"" Scalloped Diamond Ring"
XRSC8D-WG,2201100618401,194515056680,6321,6321x506080xxrsc8dwg,"5/16"" Scalloped Diamond Ring"
XRSC8D-YG,2201100618418,194515056697,6321,6321x506080xxrsc8dyg,"5/16"" Scalloped Diamond Ring"
XRSC8D-RG,2201100618425,194515056673,6321,6321x506080xxrsc8drg,"5/16"" Scalloped Diamond Ring"
XRSC95D-WG,2201100618432,194515056741,6321,6321x506080xxrsc95dwg,"3/8"" Scalloped Diamond Ring"
XRSC95D-YG,2201100618449,194515056758,6321,6321x506080xxrsc95dyg,"3/8"" Scalloped Diamond Ring"
XRSC95D-RG,2201100618456,194515056734,6321,6321x506080xxrsc95drg,"3/8"" Scalloped Diamond Ring"
XRSPJ8-WG,2201100618463,194515056802,6321,6321x506080xxrspj8wg,"5/16"" Javanese Spike Ring"
XSC12D-WG,2201100618470,194515057267,6321,6321x506080xxsc12dwg,1.2mm Scalloped Set Dia Threaded Stud
XSC12D-YG,2201100618487,194515057274,6321,6321x506080xxsc12dyg,1.2mm Scalloped Set Dia Threaded Stud
XSC12D-RG,2201100618494,194515057250,6321,6321x506080xxsc12drg,1.2mm Scalloped Set Dia Threaded Stud
XSC15BKD-WG,2201100618500,194515057342,6321,6321x506080xxsc15bkdwg,1.5mm Blk Dia Scallop Threaded Stud
XSC15BKD-YG,2201100618517,194515057359,6321,6321x506080xxsc15bkdyg,1.5mm Blk Dia Scallop Threaded Stud
XSC15BKD-RG,2201100618524,194515057335,6321,6321x506080xxsc15bkdrg,1.5mm Blk Dia Scallop Threaded Stud
XSC15D-WG,2201100618531,194515057373,6321,6321x506080xxsc15dwg,1.5mm Scalloped Set Dia Threaded Stud
XSC15D-YG,2201100618548,194515057380,6321,6321x506080xxsc15dyg,1.5mm Scalloped Set Dia Threaded Stud
XSC15D-RG,2201100618555,194515057366,6321,6321x506080xxsc15drg,1.5mm Scalloped Set Dia Threaded Stud
XSC25D-WG,2201100618562,194515057502,6321,6321x506080xxsc25dwg,2.5mm Scalloped Set Dia Threaded Stud
XSC25D-YG,2201100618579,194515057519,6321,6321x506080xxsc25dyg,2.5mm Scalloped Set Dia Threaded Stud
XSC25D-RG,2201100618586,194515057496,6321,6321x506080xxsc25drg,2.5mm Scalloped Set Dia Threaded Stud
XSC2BKD-WG,2201100618593,194515057588,6321,6321x506080xxsc2bkdwg,2mm Blk Dia Scallop Set Threaded Stud
XSC2BKD-YG,2201100618609,194515057595,6321,6321x506080xxsc2bkdyg,2mm Blk Dia Scallop Set Threaded Stud
XSC2BKD-RG,2201100618616,194515057571,6321,6321x506080xxsc2bkdrg,2mm Blk Dia Scallop Set Threaded Stud
XSC2D-WG,2201100618623,194515057618,6321,6321x506080xxsc2dwg,2mm Scalloped Set Dia Threaded Stud
XSC2D-YG,2201100618630,194515057625,6321,6321x506080xxsc2dyg,2mm Scalloped Set Dia Threaded Stud
XSC2D-RG,2201100618647,194515057601,6321,6321x506080xxsc2drg,2mm Scalloped Set Dia Threaded Stud
XSC3D-WG,2201100618654,194515057786,6321,6321x506080xxsc3dwg,3mm Scalloped Set Dia Threaded Stud
XSC3D-YG,2201100618661,194515057793,6321,6321x506080xxsc3dyg,3mm Scalloped Set Dia Threaded Stud
XSC3D-RG,2201100618678,194515057779,6321,6321x506080xxsc3drg,3mm Scalloped Set Dia Threaded Stud
XSCETH168CZ-WG,2201100618685,194515057991,6321,6321x506080xxsceth168czwg,"16g 5/16"" CZ Scallop Horizontal Ring"
XSCETH168CZ-YG,2201100618692,194515058004,6321,6321x506080xxsceth168czyg,"16g 5/16"" CZ Scallop Horizontal Ring"
XSCETH168CZ-RG,2201100618708,194515057984,6321,6321x506080xxsceth168czrg,"16g 5/16"" CZ Scallop Horizontal Ring"
XSCETH1695CZ-WG,2201100618715,194515058059,6321,6321x506080xsceth1695czwg,"16g 3/8"" CZ Scallop Horizontal Ring"
XSCETH1695CZ-YG,2201100618722,194515058066,6321,6321x506080xsceth1695czyg,"16g 3/8"" CZ Scallop Horizontal Ring"
XSCETH1695CZ-RG,2201100618739,194515058042,6321,6321x506080xsceth1695czrg,"16g 3/8"" CZ Scallop Horizontal Ring"
XSCMQ4D-WG,2201100618746,194515058110,6321,6321x506080xxscmq4dwg,4mm Scalloped Marquise Dia Threaded Stud
XSCMQ4D-YG,2201100618753,194515058127,6321,6321x506080xxscmq4dyg,4mm Scalloped Marquise Dia Threaded Stud
XSCMQ4D-RG,2201100618760,194515058103,6321,6321x506080xxscmq4drg,4mm Scalloped Marquise Dia Threaded Stud
XSHSTAR-WG,2201100618777,194515058158,6321,6321x506080xxshstarwg,Plain Starburst Threaded Stud
XSHSTAR-YG,2201100618784,194515058165,6321,6321x506080xxshstaryg,Plain Starburst Threaded Stud
XSHSTAR-RG,2201100618791,194515058141,6321,6321x506080xxshstarrg,Plain Starburst Threaded Stud
XSP3525-WG,2201100618807,194515143090,6321,6321x506080xxsp3525wg,Spike Threaded Stud
XSP3525-YG,2201100618814,194515143106,6321,6321x506080xxsp3525yg,Spike Threaded Stud
XSP3525-RG,2201100618821,194515143083,6321,6321x506080xxsp3525rg,Spike Threaded Stud
XSQ3BTRD-WG,2201100618838,194515143212,6321,6321x506080xxsq3btrdwg,Dia Princess Cut Trinity Threaded Stud
XSQ3BTRD-YG,2201100618845,194515143229,6321,6321x506080xxsq3btrdyg,Dia Princess Cut Trinity Threaded Stud
XSQ3BTRD-RG,2201100618852,194515143205,6321,6321x506080xxsq3btrdrg,Dia Princess Cut Trinity Threaded Stud
XSTAR-WG,2201100618869,194515143342,6321,6321x506080xxstarwg,Plain Star Threaded Stud
XSTAR-YG,2201100618876,194515143359,6321,6321x506080xxstaryg,Plain Star Threaded Stud
XSTAR-RG,2201100618883,194515143335,6321,6321x506080xxstarrg,Plain Star Threaded Stud
XSTAR45D-WG,2201100618890,194515143380,6321,6321x506080xxstar45dwg,4.5mm Diamond Star Threaded Stud
XSTAR45D-YG,2201100618906,194515143397,6321,6321x506080xxstar45dyg,4.5mm Diamond Star Threaded Stud
XSTAR45D-RG,2201100618913,194515143373,6321,6321x506080xxstar45drg,4.5mm Diamond Star Threaded Stud
XSTAR55D-WG,2201100618920,194515143427,6321,6321x506080xxstar55dwg,5.5mm Diamond Star Threaded Stud
XSTAR55D-YG,2201100618937,194515143434,6321,6321x506080xxstar55dyg,5.5mm Diamond Star Threaded Stud
XSTAR55D-RG,2201100618944,194515143410,6321,6321x506080xxstar55drg,5.5mm Diamond Star Threaded Stud
XSTAR7D-WG,2201100618951,194515143465,6321,6321x506080xxstar7dwg,7mm Diamond Star Threaded Stud
XSTAR7D-YG,2201100618968,194515143472,6321,6321x506080xxstar7dyg,7mm Diamond Star Threaded Stud
XSTAR7D-RG,2201100618975,194515143458,6321,6321x506080xxstar7drg,7mm Diamond Star Threaded Stud
XSTARD-WG,2201100618982,194515143496,6321,6321x506080xxstardwg,Diamond Solitaire Star Threaded Stud
XSTARD-YG,2201100618999,194515143502,6321,6321x506080xxstardyg,Diamond Solitaire Star Threaded Stud
XSTARD-RG,2201100619002,194515143489,6321,6321x506080xxstardrg,Diamond Solitaire Star Threaded Stud
XWB10D-WG-L,2201100619019,194515146855,6321,6321x506080xxwb10dwgl,10mm Diamond Web Threaded Stud LEFT
XWB10D-WG-R,2201100619026,194515146862,6321,6321x506080xxwb10dwgr,10mm Diamond Web Threaded Stud RIGHT
XWB10D-YG-L,2201100619033,194515146879,6321,6321x506080xxwb10dygl,10mm Diamond Web Threaded Stud LEFT
XWB10D-YG-R,2201100619040,194515146886,6321,6321x506080xxwb10dygr,10mm Diamond Web Threaded Stud RIGHT
XWB10D-RG-L,2201100619057,194515146831,6321,6321x506080xxwb10drgl,10mm Diamond Web Threaded Stud LEFT
XWB10D-RG-R,2201100619064,194515146848,6321,6321x506080xxwb10drgr,10mm Diamond Web Threaded Stud RIGHT
XWB10D-BG-L,2201100619071,194515146817,6321,6321x506080xxwb10dbgl,10mm Diamond Web Threaded Stud LEFT
XWB10D-BG-R,2201100619088,194515146824,6321,6321x506080xxwb10dbgr,10mm Diamond Web Threaded Stud RIGHT
X3DTRBKD-YG,2201100619095,194515083709,6321,6321x506080xx3dtrbkdyg,3 Black Diamond Trinity Threaded Stud
X3DTRBKD-RG,2201100619101,194515083693,6321,6321x506080xx3dtrbkdrg,3 Black Diamond Trinity Threaded Stud
XDG65DOP-WG-L,2201100619255,194515188725,6321,6321x506080xxdg65dopwgl,Opal and Dia Dagger Threaded Stud LEFT
XDG65DOP-WG-R,2201100619262,194515188732,6321,6321x506080xxdg65dopwgr,Opal and Dia Dagger Threaded Stud RIGHT
XDG65DOP-YG-L,2201100619279,194515188749,6321,6321x506080xxdg65dopygl,Opal and Dia Dagger Threaded Stud LEFT
XDG65DOP-YG-R,2201100619286,194515188756,6321,6321x506080xxdg65dopygr,Opal and Dia Dagger Threaded Stud RIGHT
XDG65DOP-RG-L,2201100619293,194515188701,6321,6321x506080xxdg65doprgl,Opal and Dia Dagger Threaded Stud LEFT
XDG65DOP-RG-R,2201100619309,194515188718,6321,6321x506080xxdg65doprgr,Opal and Dia Dagger Threaded Stud RIGHT
XLOTEGD625D-WG,2201100619316,194515084058,6321,6321x506080xxlotegd625dwg,Dia Eng Lotus w/ Dangle Threaded Stud
XLOTEGD625D-YG,2201100619323,194515084065,6321,6321x506080xxlotegd625dyg,Dia Eng Lotus w/ Dangle Threaded Stud
XLOTEGD625D-RG,2201100619330,194515084041,6321,6321x506080xxlotegd625drg,Dia Eng Lotus w/ Dangle Threaded Stud
XLOTD625D-WG,2201100619347,194515083747,6321,6321x506080xxlotd625dwg,Dia Lotus w/ Dangle Threaded Stud
XLOTD625D-YG,2201100619354,194515083761,6321,6321x506080xxlotd625dyg,Dia Lotus w/ Dangle Threaded Stud
XLOTD625D-RG,2201100619361,194515083754,6321,6321x506080xxlotd625drg,Dia Lotus w/ Dangle Threaded Stud
XLOTEG615D-WG,2201100619378,194515084119,6321,6321x506080xxloteg615dwg,6mm Dia Engraved Lotus Threaded Stud
XLOTEG615D-YG,2201100619385,194515084126,6321,6321x506080xxloteg615dyg,6mm Dia Engraved Lotus Threaded Stud
XLOTEG615D-RG,2201100619392,194515084102,6321,6321x506080xxloteg615drg,6mm Dia Engraved Lotus Threaded Stud
XLOT615D-WG,2201100619460,194515083716,6321,6321x506080xxlot615dwg,6mm Dia Lotus Threaded Stud
XLOT615D-YG,2201100619477,194515083730,6321,6321x506080xxlot615dyg,6mm Dia Lotus Threaded Stud
XLOT615D-RG,2201100619484,194515083723,6321,6321x506080xxlot615drg,6mm Dia Lotus Threaded Stud
EARLOBE PIERCING,2201100619491,194515087653,6321,6321x506080xearlobepierc,Earlobe Piercing
CARTILAGE PIERCING,2201100619507,194515087660,6321,6321x506080xcartilagepier,Cartilage Piercing
DAITH PIERCING,2201100619514,194515087714,6321,6321x506080xdaithpiercing,Daith Piercing
CONCH PIERCING,2201100619521,194515087721,6321,6321x506080xconchpiercing,Conch Piercing
ROOK PIERCING,2201100619538,194515087707,6321,6321x506080xrookpiercing,Rook Piercing
TASH ROOK PIERCING,2201100619545,194515087691,6321,6321x506080xtashrookpierc,Tash Rook Piercing
NIPPLE PIERCING,2201100619552,194515088322,6321,6321x506080xnipplepierc,Nipple Piercing
NOSTRIL PIERCING,2201100619569,194515087752,6321,6321x506080xnostrilpierc,Nostril Piercing
SEPTUM PIERCING,2201100619576,194515087769,6321,6321x506080xseptumpierc,Septum Piercing
DERMAL PIERCING,2201100619583,194515033728,6321,6321x506080xdermalpierc,Dermal Piercing
DERMAL ANCHOR,2201100619590,194515087585,6321,6321x506080xdermalanchor,Dermal Anchor
GENERAL INSTALL,2201100619606,194515087509,6321,6321x506080xgeneralinstal,General Install
SMALL AFTERCARE,2201100619613,194515089787,6321,6321x506080xsmallaftercar,Small Aftercare
LARGE AFTERCARE,2201100619620,194515180156,6321,6321x506080xlargeaftercar,Large Aftercare
NAVEL PIERCING,2201100619637,194515089206,6321,6321x506080xnavelpiercing,Navel Piercing
FORWARD HELIX,2201100619644,194515087738,6321,6321x506080xforwardhelix,Forward Helix Piercing
INDUSTRIAL PIERCING,2201100619651,194515087820,6321,6321x506080xindpiercing,Industrial Piercing
XETIV95DYELLOW GOLD,2201100619699,194515142192,6321,6321x506080xxetiv95dyg,9.5MM INVISIBLE SET DIAMOND ETERNITY CLI
XETIV95DWHITE GOLD,2201100619705,194515142185,6321,6321x506080xxetiv95dwg,9.5MM INVISIBLE SET DIAMOND ETERNITY RIN
XETIV95DROSE GOLD,2201100619712,194515142178,6321,6321x506080xxetiv95drg,9.5MM INVISIBLE SET DIAMOND ETERNITY CLI
EFH19-WG,2201100619729,194515018237,6321,6321x506080xefh19wg,19mm Flat Hoop Earring
ER1SP65BLACK RHODIUM,2201100619736,194515127298,6321,6321x506080xer1sp65br,6.5MM SINGLE SHORT SPIKE NON-ROTATING CL
ER1SP8BLACK GOLD,2201100619743,194515127496,6321,6321x506080xer1sp8bg,8MM SINGLE SHORT SPIKE NON-ROTATING CLIC
EFH25-WG,2201100619750,194515083648,6321,6321x506080xefh25wg,25mm Flat Hoop Earring
EFH25-YG,2201100619767,194515112300,6321,6321x506080xefh25yg,25mm Flat Hoop Earring
EFH25-RG,2201100619774,194515112263,6321,6321x506080xefh25rg,25mm Flat Hoop Earring
EFH31-WG,2201100619781,194515089916,6321,6321x506080xefh31wg,31mm Flat Hoop Earring
EFH31-YG,2201100619798,194515089947,6321,6321x506080xefh31yg,31mm Flat Hoop Earring
EFH31-RG,2201100619804,194515089930,6321,6321x506080xefh31rg,31mm Flat Hoop Earring
EFH38-WG,2201100619811,194515112294,6321,6321x506080xefh38wg,38mm Flat Hoop Earring
EFH38-YG,2201100619828,194515089909,6321,6321x506080xefh38yg,38mm Flat Hoop Earring
EFH38-RG,2201100619835,194515112256,6321,6321x506080xefh38rg,38mm Flat Hoop Earring
XSK5DM-WG,2201100619842,194515112645,6321,6321x506080xxsk5dmwg,Matte Skull with Diamond Eyes
XSK5DM-YG,2201100619859,194515112683,6321,6321x506080xxsk5dmyg,Matte Skull with Diamond Eyes
XSK5DM-RG,2201100619866,194515113031,6321,6321x506080xxsk5dmrg,Matte Skull with Diamond Eyes
XSK5DM-BG,2201100619873,194515113017,6321,6321x506080xxsk5dmbg,Matte Skull with Diamond Eyes
XSK5BKDM-WG,2201100619880,194515113116,6321,6321x506080xxsk5bkdmwg,Matte Skull with Black Diamond Eyes
XSK5BKDM-YG,2201100619897,194515113000,6321,6321x506080xxsk5bkdmyg,Matte Skull with Black Diamond Eyes
XSK5BKDM-RG,2201100619903,194515113093,6321,6321x506080xxsk5bkdmrg,Matte Skull with Black Diamond Eyes
XSK5RBM-WG,2201100619910,194515113109,6321,6321x506080xxsk5rbmwg,Matte Skull with Ruby Eyes
XSK5RBM-YG,2201100619927,194515113024,6321,6321x506080xxsk5rbmyg,Matte Skull with Ruby Eyes
XSK5RBM-RG,2201100619934,194515118609,6321,6321x506080xxsk5rbmrg,Matte Skull with Ruby Eyes
XSK5RBM-BG,2201100619941,194515118623,6321,6321x506080xxsk5rbmbg,Matte Skull with Ruby Eyes
XSN5BKD-L-WG,2201100619958,194515118616,6321,6321x506080xxsn5bkdlwg,Snake w/ Blk Dia Eyes Threaded Stud LEFT
XSN5BKD-R-WG,2201100619965,194515035883,6321,6321x506080xxsn5bkdrwg,Snake w/ Blk Dia Eyes Thread Stud RIGHT
XSN5BKD-L-YG,2201100619972,194515035906,6321,6321x506080xxsn5bkdlyg,Snake w/ Blk Dia Eyes Threaded Stud LEFT
XSN5BKD-R-YG,2201100619989,194515035876,6321,6321x506080xxsn5bkdryg,Snake w/ Blk Dia Eyes Thread Stud RIGHT
XSN5BKD-L-RG,2201100619996,194515035913,6321,6321x506080xxsn5bkdlrg,Snake w/ Blk Dia Eyes Threaded Stud LEFT
XSN5BKD-R-RG,2201100620008,194515035890,6321,6321x506080xxsn5bkdrrg,Snake w/ Blk Dia Eyes Thread Stud RIGHT
XSN5D-L-WG,2201100620015,194515035920,6321,6321x506080xxsn5dlwg,Snake w/ Dia Eyes Threaded Stud LEFT
XSN5D-R-WG,2201100620022,194515035951,6321,6321x506080xxsn5drwg,Snake w/ Dia Eyes Threaded Stud RIGHT
XSN5D-L-YG,2201100620039,194515035852,6321,6321x506080xxsn5dlyg,Snake w/ Dia Eyes Threaded Stud LEFT
XSN5D-R-YG,2201100620046,194515035869,6321,6321x506080xxsn5dryg,Snake w/ Dia Eyes Threaded Stud RIGHT
XSN5D-L-RG,2201100620053,194515035968,6321,6321x506080xxsn5dlrg,Snake w/ Dia Eyes Threaded Stud LEFT
XSN5D-R-RG,2201100620060,194515035982,6321,6321x506080xxsn5drrg,Snake w/ Dia Eyes Threaded Stud RIGHT
XSN5D-L-BG,2201100620077,194515035975,6321,6321x506080xxsn5dlbg,Snake w/ Dia Eyes Threaded Stud LEFT
XSN5D-R-BG,2201100620084,194515035999,6321,6321x506080xxsn5drbg,Snake w/ Dia Eyes Threaded Stud RIGHT
XSN5RB-L-WG,2201100620091,194515037504,6321,6321x506080xxsn5rblwg,Snake w/ Ruby Eyes Threaded Stud LEFT
XSN5RB-R-WG,2201100620107,194515037597,6321,6321x506080xxsn5rbrwg,Snake w/ Ruby Eyes Threaded Stud RIGHT
XSN5RB-L-YG,2201100620114,194515037603,6321,6321x506080xxsn5rblyg,Snake w/ Ruby Eyes Threaded Stud LEFT
XSN5RB-R-YG,2201100620121,194515037498,6321,6321x506080xxsn5rbryg,Snake w/ Ruby Eyes Threaded Stud RIGHT
XSN5RB-L-RG,2201100620138,194515041105,6321,6321x506080xxsn5rblrg,Snake w/ Ruby Eyes Threaded Stud LEFT
XSN5RB-R-RG,2201100620145,194515041211,6321,6321x506080xxsn5rbrrg,Snake w/ Ruby Eyes Threaded Stud RIGHT
XSN5RB-L-BG,2201100620152,194515041112,6321,6321x506080xxsn5rblbg,Snake w/ Ruby Eyes Threaded Stud LEFT
XSN5RB-R-BG,2201100620169,194515041204,6321,6321x506080xxsn5rbrbg,Snake w/ Ruby Eyes Threaded Stud LEFT
XSNEG10D-L-WG,2201100620176,194515057397,6321,6321x506080xxsneg10dlwg,Lrg Engraved Snake w/ Diamond Eyes LEFT
XSNEG10D-R-WG,2201100620183,194515057632,6321,6321x506080xxsneg10drwg,Lrg Engraved Snake w/ Diamond Eyes RIGHT
XSNEG10D-L-YG,2201100620190,194515057649,6321,6321x506080xxsneg10dlyg,Lrg Engraved Snake w/ Diamond Eyes LEFT
XSNEG10D-R-YG,2201100620206,194515057656,6321,6321x506080xxsneg10dryg,Lrg Engraved Snake w/ Diamond Eyes RIGHT
XSNEG10D-L-RG,2201100620213,194515143250,6321,6321x506080xxsneg10dlrg,Lrg Engraved Snake w/ Diamond Eyes LEFT
XSNEG10D-R-RG,2201100620220,194515143243,6321,6321x506080xxsneg10drrg,Lrg Engraved Snake w/ Diamond Eyes RIGHT
XSNEG10D-L-BG,2201100620237,194515143236,6321,6321x506080xxsneg10dlbg,Lrg Engraved Snake w/ Diamond Eyes LEFT
XSNEG10D-R-BG,2201100620244,194515143014,6321,6321x506080xxsneg10drbg,Lrg Engraved Snake w/ Diamond Eyes RIGHT
XSNEG10BKD-L-WG,2201100620251,194515111464,6321,6321x506080xxsneg10bkdlwg,Lrg Engraved Snake w/ Blk Dia Eyes LEFT
XSNEG10BKD-R-WG,2201100620268,194515143892,6321,6321x506080xxsneg10bkdrwg,Lrg Engraved Snake w/ Blk Dia Eyes RIGHT
XSNEG10BKD-L-YG,2201100620275,194515143922,6321,6321x506080xxsneg10bkdlyg,Lrg Engraved Snake w/ Blk Dia Eyes LEFT
XSNEG10BKD-R-YG,2201100620282,194515143847,6321,6321x506080xxsneg10bkdryg,Lrg Engraved Snake w/ Blk Dia Eyes RIGHT
XSNEG10BKD-L-RG,2201100620299,194515144004,6321,6321x506080xxsneg10bkdlrg,Lrg Engraved Snake w/ Blk Dia Eyes LEFT
XSNEG10BKD-R-RG,2201100620305,194515144028,6321,6321x506080xxsneg10bkdrrg,Lrg Engraved Snake w/ Blk Dia Eyes RIGHT
XSNEG10RB-L-WG,2201100620312,194515144288,6321,6321x506080xxsneg10rblwg,Lrg Engraved Snake w/ Ruby Eyes LEFT
XSNEG10RB-R-WG,2201100620329,194515144295,6321,6321x506080xxsneg10rbrwg,Lrg Engraved Snake w/ Ruby Eyes RIGHT
XSNEG10RB-L-YG,2201100620336,194515144011,6321,6321x506080xxsneg10rblyg,Lrg Engraved Snake w/ Ruby Eyes LEFT
XSNEG10RB-R-YG,2201100620343,194515144035,6321,6321x506080xxsneg10rbryg,Lrg Engraved Snake w/ Ruby Eyes RIGHT
XSNEG10RB-L-RG,2201100620350,194515144066,6321,6321x506080xxsneg10rblrg,Lrg Engraved Snake w/ Ruby Eyes LEFT
XSNEG10RB-R-RG,2201100620367,194515143977,6321,6321x506080xxsneg10rbrrg,Lrg Engraved Snake w/ Ruby Eyes RIGHT
XSNEG10RB-L-BG,2201100620374,194515144264,6321,6321x506080xxsneg10rblbg,Lrg Engraved Snake w/ Ruby Eyes LEFT
XSNEG10RB-R-BG,2201100620381,194515143946,6321,6321x506080xxsneg10rbrbg,Lrg Engraved Snake w/ Ruby Eyes RIGHT
XPK6565M,2201100620398,194515144165,6321,6321x506080xxpk6565mw,"1/4"" Padlock Clicker"
XPK6565M,2201100620404,194515143960,6321,6321x506080xxpk6565my,"1/4"" Padlock Clicker"
XPK6565M,2201100620411,194515144202,6321,6321x506080xxpk6565mr,"1/4"" Padlock Clicker"
XPK875M,2201100620428,194515144134,6321,6321x506080xxpk875mw,"5/16"" Padlock Clicker"
XPK875M,2201100620435,194515144271,6321,6321x506080xxpk875my,"5/16"" Padlock Clicker"
XPK875M,2201100620442,194515144301,6321,6321x506080xxpk875mr,"5/16"" Padlock Clicker"
FETOP-5-WG,2201100620459,194515144073,6321,6321x506080xfetop5wg,Opal Eternity Finger Ring US Size 5
FETOP-5.5-WG,2201100620466,194515143885,6321,6321x506080xfetop55wg,Opal Eternity Finger Ring US Size 5.5
FETOP-6-WG,2201100620473,194515143915,6321,6321x506080xfetop6wg,Opal Eternity Finger Ring US Size 6
FETOP-6.5-WG,2201100620480,194515144141,6321,6321x506080xfetop65wg,Opal Eternity Finger Ring US Size 6.5
FETOP-7-WG,2201100620497,194515144127,6321,6321x506080xfetop7wg,Opal Eternity Finger Ring US Size 7
FETOP-7.5-WG,2201100620503,194515144257,6321,6321x506080xfetop75wg,Opal Eternity Finger Ring US Size 7.5
FETOP-5-YG,2201100620510,194515143861,6321,6321x506080xfetop5yg,Opal Eternity Finger Ring US Size 5
FETOP-5.5-YG,2201100620527,194515144189,6321,6321x506080xfetop55yg,Opal Eternity Finger Ring US Size 5.5
FETOP-6-YG,2201100620534,194515144172,6321,6321x506080xfetop6yg,Opal Eternity Finger Ring US Size 6
FETOP-6.5-YG,2201100620541,194515144059,6321,6321x506080xfetop65yg,Opal Eternity Finger Ring US Size 6.5
FETOP-7-YG,2201100620558,194515143939,6321,6321x506080xfetop7yg,Opal Eternity Finger Ring US Size 7
FETOP-7.5-YG,2201100620565,194515144158,6321,6321x506080xfetop75yg,Opal Eternity Finger Ring US Size 7.5
FETOP-5-RG,2201100620572,194515144080,6321,6321x506080xfetop5rg,Opal Eternity Finger Ring US Size 5
FETOP-5.5-RG,2201100620589,194515143854,6321,6321x506080xfetop55rg,Opal Eternity Finger Ring US Size 5.5
FETOP-6-RG,2201100620596,194515144196,6321,6321x506080xfetop6rg,Opal Eternity Finger Ring US Size 6
FETOP-6.5-RG,2201100620602,194515144042,6321,6321x506080xfetop65rg,Opal Eternity Finger Ring US Size 6.5
FETOP-7-RG,2201100620619,194515144318,6321,6321x506080xfetop7rg,Opal Eternity Finger Ring US Size 7
FETOP-7.5-RG,2201100620626,194515143908,6321,6321x506080xfetop75rg,Opal Eternity Finger Ring US Size 7.5
FETMQD-5-WG,2201100620633,194515143953,6321,6321x506080xfetmqd5wg,Dia Micro Pave Finger Ring US Size 5
FETMQD-5.5-WG,2201100620640,194515143878,6321,6321x506080xfetmqd55wg,Dia Micro Pave Finger Ring US Size 5.5
FETMQD-6-WG,2201100620657,194515145179,6321,6321x506080xfetmqd6wg,Dia Micro Pave Finger Ring US Size 6
FETMQD-6.5-WG,2201100620664,194515145315,6321,6321x506080xfetmqd65wg,Dia Micro Pave Finger Ring US Size 6.5
FETMQD-7-WG,2201100620671,194515145292,6321,6321x506080xfetmqd7wg,Dia Micro Pave Finger Ring US Size 7
FETMQD-7.5-WG,2201100620688,194515145193,6321,6321x506080xfetmqd75wg,Dia Micro Pave Finger Ring US Size 7.5
FETMQD-5-YG,2201100620695,194515145421,6321,6321x506080xfetmqd5yg,Dia Micro Pave Finger Ring US Size 5
FETMQD-5.5-YG,2201100620701,194515145438,6321,6321x506080xfetmqd55yg,Dia Micro Pave Finger Ring US Size 5.5
FETMQD-6-YG,2201100620718,194515145209,6321,6321x506080xfetmqd6yg,Dia Micro Pave Finger Ring US Size 6
FETMQD-6.5-YG,2201100620725,194515145308,6321,6321x506080xfetmqd65yg,Dia Micro Pave Finger Ring US Size 6.5
FETMQD-7-YG,2201100620732,194515145445,6321,6321x506080xfetmqd7yg,Dia Micro Pave Finger Ring US Size 7
FETMQD-7.5-YG,2201100620749,194515145322,6321,6321x506080xfetmqd75yg,Dia Micro Pave Finger Ring US Size 7.5
FETMQD-5-RG,2201100620756,194515145186,6321,6321x506080xfetmqd5rg,Dia Micro Pave Finger Ring US Size 5
FETMQD-5.5-RG,2201100620763,194515146763,6321,6321x506080xfetmqd55rg,Dia Micro Pave Finger Ring US Size 5.5
FETMQD-6-RG,2201100620770,194515146732,6321,6321x506080xfetmqd6rg,Dia Micro Pave Finger Ring US Size 6
FETMQD-6.5-RG,2201100620787,194515146749,6321,6321x506080xfetmqd65rg,Dia Micro Pave Finger Ring US Size 6.5
FETMQD-7-RG,2201100620794,194515146756,6321,6321x506080xfetmqd7rg,Dia Micro Pave Finger Ring US Size 7
FETMQD-7.5-RG,2201100620800,194515146800,6321,6321x506080xfetmqd75rg,Dia Micro Pave Finger Ring US Size 7.5
KFLD55D-WG,2201100620817,194515146794,6321,6321x506080xkfld55dwg,Diamond Flower and Dangle Necklace
KFLD55D-YG,2201100620824,194515146770,6321,6321x506080xkfld55dyg,Diamond Flower and Dangle Necklace
KFLD55D-RG,2201100620831,194515146787,6321,6321x506080xkfld55drg,Diamond Flower and Dangle Necklace
KSTAR45D-WG,2201100620848,194515043963,6321,6321x506080xkstar45dwg,4.5mm Diamond Star Necklace
KSTAR45D-YG,2201100620855,194515043956,6321,6321x506080xkstar45dyg,4.5mm Diamond Star Necklace
KSTAR45D-RG,2201100620862,194515043970,6321,6321x506080xkstar45drg,4.5mm Diamond Star Necklace
KSTAR55D-WG,2201100620879,194515044403,6321,6321x506080xkstar55dwg,5.5mm Diamond Star Necklace
KSTAR55D-YG,2201100620886,194515044410,6321,6321x506080xkstar55dyg,5.5mm Diamond Star Necklace
KSTAR55D-RG,2201100620893,194515044427,6321,6321x506080xkstar55drg,5.5mm Diamond Star Necklace
K2HCC8-WG,2201100620909,194515132445,6321,6321x506080xk2hcc8wg,8mm Handcuff Rings Necklace
K2HCC8-YG,2201100620916,194515132438,6321,6321x506080xk2hcc8yg,8mm Handcuff Rings Necklace
K2HCC8-RG,2201100620923,194515132452,6321,6321x506080xk2hcc8rg,8mm Handcuff Rings Necklace
XETMQSC65D-WG,2201100620930,194515111389,6321,6321x506080xxetmqsc65dwg,"1/4"" Scalloped Marquise Eternity Ring"
XETMQSC65D-YG,2201100620947,194515137228,6321,6321x506080xxetmqsc65dyg,"1/4"" Scalloped Marquise Eternity Ring"
XETMQSC65D-RG,2201100620954,194515137181,6321,6321x506080xxetmqsc65drg,"1/4"" Scalloped Marquise Eternity Ring"
XETMQSC8D-WG,2201100620961,194515137198,6321,6321x506080xxetmqsc8dwgw,"5/16"" Scalloped Marquise Eternity Ring"
XETMQSC8D-WG,2201100620978,194515137211,6321,6321x506080xxetmqsc8dwgy,"5/16"" Scalloped Marquise Eternity Ring"
XETMQSC8D-WG,2201100620985,194515137204,6321,6321x506080xxetmqsc8dwgr,"5/16"" Scalloped Marquise Eternity Ring"
XETMQSC95D-WG,2201100620992,194515138072,6321,6321x506080xxetmqsc95dwgw,"3/8"" Scalloped Marquise Eternity Ring"
XETMQSC95D-WG,2201100621005,194515138096,6321,6321x506080xxetmqsc95dwgy,"3/8"" Scalloped Marquise Eternity Ring"
XETMQSC95D-WG,2201100621012,194515138126,6321,6321x506080xxetmqsc95dwgr,"3/8"" Scalloped Marquise Eternity Ring"
XETMQIV65D-WG,2201100621029,194515138089,6321,6321x506080xxetmqiv65dwg,"1/4"" Invisible Marquise Eternity Ring"
XETMQIV65D-YG,2201100621036,194515138133,6321,6321x506080xxetmqiv65dyg,"1/4"" Invisible Marquise Eternity Ring"
XETMQIV65D-RG,2201100621043,194515138140,6321,6321x506080xxetmqiv65drg,"1/4"" Invisible Marquise Eternity Ring"
XETMQIV8D-WG,2201100621050,194515138119,6321,6321x506080xxetmqiv8dwg,"5/16"" Invisible Marquise Eternity Ring"
XETMQIV8D-YG,2201100621067,194515138102,6321,6321x506080xxetmqiv8dyg,"5/16"" Invisible Marquise Eternity Ring"
XETMQIV8D-RG,2201100621074,194515139284,6321,6321x506080xxetmqiv8drg,"5/16"" Invisible Marquise Eternity Ring"
XETMQIV95D-WG,2201100621081,194515139291,6321,6321x506080xxetmqiv95dwg,"3/8"" Invisible Marquise Eternity Ring"
XETMQIV95D-YG,2201100621098,194515139277,6321,6321x506080xxetmqiv95dyg,"3/8"" Invisible Marquise Eternity Ring"
XETMQIV95D-RG,2201100621104,194515139314,6321,6321x506080xxetmqiv95drg,"3/8"" Invisible Marquise Eternity Ring"
XETMQIV11D-WG,2201100621111,194515139321,6321,6321x506080xxetmqiv11dwg,"7/16"" Invisible Marquise Eternity Ring"
XETMQIV11D-YG,2201100621128,194515139307,6321,6321x506080xxetmqiv11dyg,"7/16"" Invisible Marquise Eternity Ring"
XETMQIV11D-RG,2201100621135,194515138355,6321,6321x506080xxetmqiv11drg,"7/16"" Invisible Marquise Eternity Ring"
XETMQSC65OP-WG,2201100621142,194515051562,6321,6321x506080xxetmqsc65opwg,"1/4"" Opal Marquise Eternity Ring"
XETMQSC65OP-YG,2201100621159,194515053795,6321,6321x506080xxetmqsc65opyg,"1/4"" Opal Marquise Eternity Ring"
XETMQSC65OP-RG,2201100621166,194515111365,6321,6321x506080xxetmqsc65oprg,"1/4"" Opal Marquise Eternity Ring"
XETMQSC8OP-WG,2201100621173,194515111266,6321,6321x506080xxetmqsc8opwg,"5/16"" Opal Marquise Eternity Ring"
XETMQSC8OP-YG,2201100621180,194515111181,6321,6321x506080xxetmqsc8opyg,"5/16"" Opal Marquise Eternity Ring"
XETMQSC8OP-RG,2201100621197,194515084430,6321,6321x506080xxetmqsc8oprg,"5/16"" Opal Marquise Eternity Ring"
XETMQSC95OP-WG,2201100621203,194515054112,6321,6321x506080xxetmqsc95opwg,"3/8"" Opal Marquise Eternity Ring"
XETMQSC95OP-YG,2201100621210,194515054037,6321,6321x506080xxetmqsc95opyg,"3/8"" Opal Marquise Eternity Ring"
XETMQSC95OP-RG,2201100621227,194515054075,6321,6321x506080xxetmqsc95oprg,"3/8"" Opal Marquise Eternity Ring"
XETMQSC11OP-WG,2201100621234,194515051500,6321,6321x506080xxetmqsc11opwg,"7/16"" Opal Marquise Eternity Ring"
XETMQSC11OP-YG,2201100621241,194515051517,6321,6321x506080xxetmqsc11opyg,"7/16"" Opal Marquise Eternity Ring"
XETMQSC11OP-RG,2201100621258,194515051524,6321,6321x506080xxetmqsc11oprg,"7/16"" Opal Marquise Eternity Ring"
XETIVBA65DWHITE GOLD,2201100621265,194515142222,6321,6321x506080xxetivba65dwg,6.5MM INVISIBLE BAGUETTE DIAMOND ETERNIT
XETIVBA65DROSE GOLD,2201100621272,194515142215,6321,6321x506080xxetivba65drg,6.5MM INVISIBLE SET BAGUETTE DIAMOND ETE
XETIVBA65DYELLOW GOLD,2201100621289,194515142239,6321,6321x506080xxetivba65dyg,6.5MM INVISIBLE SET BAGUETTE DIAMOND ETE
XETIVBA8D-WG,2201100621296,194515038341,6321,6321x506080xxetivba8dwg,"5/16"" Invisible Baguette Eternity Ring"
XETIVBA8D-YG,2201100621302,194515038440,6321,6321x506080xxetivba8dyg,"5/16"" Invisible Baguette Eternity Ring"
XETIVBA8D-RG,2201100621319,194515111761,6321,6321x506080xxetivba8drg,"5/16"" Invisible Baguette Eternity Ring"
XETIVBA95D-WG,2201100621326,194515111662,6321,6321x506080xxetivba95dwg,"3/8"" Invisible Baguette Eternity Ring"
XETIVBA95D-YG,2201100621333,194515111488,6321,6321x506080xxetivba95dyg,"3/8"" Invisible Baguette Eternity Ring"
XETIVBA95D-RG,2201100621340,194515111686,6321,6321x506080xxetivba95drg,"3/8"" Invisible Baguette Eternity Ring"
XBY4D-WG,2201100621357,194515111563,6321,6321x506080xxby4dwg,Diamond Butterfly Threaded Stud
XBY4D-YG,2201100621364,194515109744,6321,6321x506080xxby4dyg,Diamond Butterfly Threaded Stud
XBY4D-RG,2201100621371,194515109720,6321,6321x506080xxby4drg,Diamond Butterfly Threaded Stud
XBYMQD-WG,2201100621388,194515109508,6321,6321x506080xxbymqdwg,Diamond Marquise Butterfly Threaded Stud
XBYMQD-YG,2201100621395,194515109607,6321,6321x506080xxbymqdyg,Diamond Marquise Butterfly Threaded Stud
XBYMQD-RG,2201100621401,194515109843,6321,6321x506080xxbymqdrg,Diamond Marquise Butterfly Threaded Stud
XETSTAR8D38-WG,2201100621418,194515110757,6321,6321x506080xxetstar8d38wg,"5/16"" Dia Star Constellation Eternity"
XETSTAR8D38-YG,2201100621425,194515110764,6321,6321x506080xxetstar8d38yg,"5/16"" Dia Star Constellation Eternity"
XETSTAR8D38-RG,2201100621432,194515111044,6321,6321x506080xxetstar8d38rg,"5/16"" Dia Star Constellation Eternity"
XETTS8D-WG,2201100621449,194515111020,6321,6321x506080xxetts8dwg,"5/16"" Diamond Tassel Eternity Ring"
XETTS8D-YG,2201100621456,194515111167,6321,6321x506080xxetts8dyg,"5/16"" Diamond Tassel Eternity Ring"
XETTS8D-RG,2201100621463,194515111037,6321,6321x506080xxetts8drg,"5/16"" Diamond Tassel Eternity Ring"
XCN95PE-WG,2201100621470,194515110887,6321,6321x506080xxcn95pewg,"3/8"" Pearl Coronet Ring"
XCN8DYELLOW GOLD,2201100621487,194515136283,6321,6321x506080xxcn8dyg,8MM DIAMOND CORONET RING YELLOW GOLD
XCN95PE-RG,2201100621494,194515044052,6321,6321x506080xxcn95perg,"3/8"" Pearl Coronet Ring"
XCN95D-WG,2201100621500,194515044069,6321,6321x506080xxcn95dwg,"3/8"" Diamond Coronet Ring"
XCN95D-YG,2201100621517,194515044045,6321,6321x506080xxcn95dyg,"3/8"" Diamond Coronet Ring"
XCN95D-RG,2201100621524,194515051463,6321,6321x506080xxcn95drg,"3/8"" Diamond Coronet Ring"
XCN95BKD-WG,2201100621531,194515051487,6321,6321x506080xxcn95bkdwg,"3/8"" Black Diamond Coronet Ring"
XCN95BKD-YG,2201100621548,194515051470,6321,6321x506080xxcn95bkdyg,"3/8"" Black Diamond Coronet Ring"
XCN95BKD-RG,2201100621555,194515051456,6321,6321x506080xxcn95bkdrg,"3/8"" Black Diamond Coronet Ring"
KPADEY-WG-BLUE,2201100621562,194515084317,6321,6321x506080xkpadeywgblue,Diamond Halo Vintage Eye Neckalce BLUE
KPADEY-WG-BROWN,2201100621579,194515188268,6321,6321x506080xkpadeywgbrown,Diamond Halo Vintage Eye Neckalce BROWN
KPADEY-YG-BLUE,2201100621586,194515179525,6321,6321x506080xkpadeyygblue,Diamond Halo Vintage Eye Neckalce BLUE
KPADEY-YG-BROWN,2201100621593,194515136191,6321,6321x506080xkpadeyygbrown,Diamond Halo Vintage Eye Neckalce BROWN
KPADEY-RG-BLUE,2201100621609,194515050626,6321,6321x506080xkpadeyrgblue,Diamond Halo Vintage Eye Neckalce BLUE
KPADEY-RG-BROWN,2201100621616,194515050619,6321,6321x506080xkpadeyrgbrown,Diamond Halo Vintage Eye Neckalce BROWN
X5PA8D2BLACK GOLD,2201100621753,194515132063,6321,6321x506080xx5pa8d2bg,8MM DIAMOND FIVE ROW PAV RING (BOTTOM
XCN8DWHITE GOLD,2201100641836,194515136276,6321,6321x506080xxcn8dwg,8mm Diamond Coronet Ring WHITE GOLD
XCN8DROSE GOLD,2201100641829,194515136269,6321,6321x506080xxcn8drg,8mm Diamond Coronet Ring ROSE GOLD
X1CBA8DROSE GOLD,2201100641843,194515043437,6321,6321x506080xx1cba8drg,Baguette Diamond 8mm Chain Wrap Earstud
X1CBA8DWHITE GOLD,2201100641850,194515043444,6321,6321x506080xx1cba8dwg,Baguette Diamond 8mm Chain Wrap Earstud
X1CBA8DYELLOW GOLD,2201100641867,194515043451,6321,6321x506080xx1cba8dyg,Baguette Diamond 8mm Chain Wrap Earstud
